,a-bank,alpari bank,altbank,ap bank,asvio bank,b concord,b industrialbank,b lviv,bank 3/4,bank alliance,bank avangard,bank credit dnipro,bank familny,bank for investments and savings,bank grant,bank portal,bank trust-capital,bank ukrainian capital,bank vostok,bta bank,cb accordbank,cb globus,cb privatbank,citibank,clearing house,cominvestbank,credit agricole bank,credit europe bank,creditwest bank,crystalbank,deutsche bank dbu,eib,first investment bank,fuib,ibox bank,idea bank,iib,ing bank ukraine,kredobank,metabank,motor-bank,mtb bank,okci bank,oschadbank,otp bank,piraeus bank icb,pivdennyi bank,policombank,poltava-bank,pravex bank,procredit bank,radabank,raiffeisen bank,rws bank,seb corporate bank,sense bank,sky bank,tascombank,ukrainian bank for reconstruction and development,ukrconstinvestbank,ukreximbank,ukrgasbank,ukrsibbank,unex bank,universal bank
2019/01/01,1515439.98301,36839.29889,77718.93197,106793.51868,133387.31314,152259.80179,,144844.83494,366609.5384,350648.4684,125621.69506,1028013.37536,41201.15753,509815.56161,187787.72218,53516.89499,,,929719.29122,100048.72907,237142.00038,408512.73748,33491240.36916,1997551.96314,181246.15967,168819.34304,3538408.23391,96904.6341,156096.25362,230846.2418,161849.93053,,161858.02436,6214884.44273,285751.4958,1441488.5695,426982.2599,1103985.68105,1822604.73776,114817.3676,124206.73458,569522.8177,38963.44756,7663154.80756,4521107.11211,347188.2324,2101501.60037,81171.8736,254742.64613,,1342359.21605,198129.77899,10765082.72693,132886.98778,163419.09809,7718734.28058,57078.06381,1589909.62736,22550.06496,,2928704.53765,4348810.69082,6400679.37571,140090.9278,2108121.71519
2019/02/01,120668.25661,3898.46285,7588.67294,9670.92437,10445.64525,18003.62462,,15351.82553,32622.75143,25031.6387,12733.29671,58181.48969,4928.37367,43847.94769,16035.25956,4383.38506,,,83891.30212,7921.82531,27166.53427,40260.21341,3904869.04898,240745.03498,13681.96651,11799.73245,319086.83894,7427.8842,11751.48658,33928.13136,16992.62923,,16280.4049,567716.96621,30968.60279,137878.19887,53581.21661,107597.17273,167774.04732,8976.9715,11249.94854,46450.62122,2731.55586,1210194.52895,471279.09377,29555.30372,195969.64013,5818.11522,21106.86228,,119475.1781,17486.5606,905568.34201,13917.88398,15690.89479,709259.71651,10715.70998,144788.52725,2064.10956,,433443.77661,401139.94994,573865.10896,13950.6733,124002.37776
2019/03/01,229948.06115,7138.17326,13145.58339,19935.43744,21217.12072,35073.62201,,28936.98013,54269.30492,53038.44943,17711.69586,24545.40133,6864.15841,77151.5601,28308.46922,8431.89934,,,155687.08783,17428.13436,52613.01382,76187.24414,7217790.08168,433065.43002,28917.29599,19446.9059,615071.74448,13343.12575,22686.3998,55566.5515,29979.45537,,30053.80476,1167579.72193,50911.60584,265380.20146,61128.73921,229867.2133,320274.13656,18015.18066,21304.22568,85976.93204,5868.0252,3224029.0143,896180.70654,57462.63991,378943.17247,11122.33508,44645.78181,,225500.59785,32222.28473,1752540.83467,22551.82429,29386.1487,1355197.48626,17684.2354,289723.57225,3994.78103,,754223.3369,811383.71727,1117043.35885,25870.01888,271900.57561
2019/04/01,387017.25009,11303.37958,19260.42285,33707.85453,31954.13575,52550.60651,,43043.84816,88537.24517,81133.42601,27501.28616,250523.84207,11860.11759,126384.49039,44174.94876,13149.11934,,,242807.28788,25392.73161,82573.07327,104300.20699,10805202.44341,660238.08102,46226.01598,29388.502,932544.58138,20944.43592,34132.26629,75787.42398,43965.96581,,46776.71182,1791813.96892,76623.49559,410809.02008,120954.78307,341229.33769,483434.31499,30017.53458,30973.44061,127462.07323,9594.36587,3211278.21447,1354834.35924,83949.11431,550880.01337,16974.05449,67585.68333,,347674.66623,49744.76022,2638081.39515,30170.84565,42915.7591,2071998.09407,25386.70728,439310.28731,6138.10888,,1149987.20319,1196279.36297,1769877.53063,41533.58061,448637.19998
2019/05/01,524244.5199,16173.74343,25704.66668,44232.60451,43173.17373,72554.09305,,58663.12383,119142.74095,107851.67898,38308.50097,235735.06969,14481.10623,168626.32965,59308.55158,17509.76974,,,327802.89757,34059.46825,114566.84316,143592.90549,14518352.06964,900753.69732,63928.60322,40585.96719,1241710.56769,42975.44002,45510.52558,93079.86777,60807.62038,,60213.94266,2363056.68514,106580.42669,556206.24749,148180.42658,454579.16075,638922.26647,39515.08908,40473.94779,174754.92621,12750.43933,3465901.21575,1781149.12963,117706.12225,734719.15496,22168.46202,92738.30227,,472709.61211,67786.07572,3521602.4083,246610.25724,55325.69161,2802759.22686,36620.57571,597724.33384,8129.99884,,1376568.31471,1937426.14519,2328949.97779,54241.34838,643273.37139
2019/06/01,661611.68322,20617.62421,32626.65186,54307.06559,56390.64126,92660.02652,,74355.36393,145937.54384,138660.78503,49554.72178,315152.57923,19276.87032,225091.00267,74687.78184,22184.09365,,,421466.79381,41616.14918,147150.52718,176940.42432,18757396.04671,1157037.44814,80788.66502,51013.2511,1559415.40281,49834.48584,57348.70339,112799.85262,73874.92239,,75188.71045,2965415.59692,136989.59571,711193.73399,186865.02315,578662.35423,802684.44323,52674.85155,52279.31463,221610.14742,16481.18454,4957453.49192,2240552.73108,148085.4316,903561.31481,28120.94809,116801.78566,,600916.01766,86907.74241,4499789.24603,255628.51212,69456.22519,3552502.53129,41283.39381,771227.65304,10172.47844,,1943267.29999,2360034.51664,3020366.52406,68755.10867,841625.20904
2019/07/01,788692.40262,25152.72299,38688.21772,62966.88565,67074.50786,115248.32608,,91136.20338,172186.8465,166525.81525,61585.44366,394687.3782,21580.90636,269089.88295,88315.69698,26856.33161,,,500191.25749,52757.56025,173738.36076,217858.28343,24804826.3004,1401302.68795,99582.61067,59780.33207,1854639.07258,56717.23901,69092.26131,132584.87871,86579.72923,,87371.39844,3564089.09035,152768.51146,863739.81375,204677.15812,666952.18297,967653.35381,61512.44365,61452.76743,269426.93958,19695.13435,5844593.3486,2680886.182,177524.31301,1068511.8275,33666.08481,141354.19778,,725139.61186,105941.19638,5375904.99231,265237.48034,83098.47967,4298456.08834,51170.13709,940269.04567,12199.72757,,2929814.25541,2731419.03036,3564769.60863,80508.70529,1100493.70255
2019/08/01,938137.53978,29178.40294,44831.3046,73482.48178,77491.27104,140650.00927,294997.79463,109439.98406,199448.75702,197771.66104,72188.10005,782497.63889,23328.3642,313497.08955,103267.90613,31331.31762,14762.8691,48952.76717,588297.53186,60210.96998,210842.11425,266120.65723,28213715.40362,1696539.26597,113562.82746,70725.64893,2190695.18284,63455.80906,80828.6807,148799.7533,101655.22752,86048.02943,100440.30723,4234766.7379,183951.30262,1031013.42813,210501.92646,787725.53722,1146018.67925,72940.2926,72504.99831,324506.1529,22524.18351,6064140.86576,3158854.8821,214334.37566,1274993.72513,39764.55198,167700.09158,341701.57655,871581.95858,126539.50153,6352645.53467,275876.67073,96492.46135,5106552.2644,52727.42405,1106514.99404,14211.41798,117801.63533,3718227.39654,3118413.33898,4126791.31215,90495.65241,1363131.98725
2019/09/01,1124217.96135,33229.16925,51987.62529,85277.46363999999,89189.48197000001,173362.94934,335635.46072000003,128136.29594,223801.30667,231608.66552,79524.46836,850587.7514500001,27560.44153,360733.32319,119099.83223,36423.3238,16847.45385,56290.53557,681352.63763,68859.84213,245242.12695,299175.64649,34044992.10697,1950183.41884,128293.4421,85213.60880999999,2507433.75097,71853.82467,93260.28122,167546.22992,114749.43009,96665.028,113417.8303,4896923.38787,203206.25284,1182446.86254,255609.39419,859137.33657,1331354.4596,86126.87116,82324.47417999999,376102.13411,25762.06988,7639689.05483,3609676.35749,242512.23125,1437888.8021099998,45480.00916,192857.61301,388596.82724,1011374.54422,153842.37246999997,7296000.60756,277046.6897,110077.12459,5830419.08671,57860.96246,1271836.60174,16228.13584,133480.19006000002,4634446.64217,3526165.02746,4679875.23514,103429.76385,1636019.95661
2019/10/01,1283079.2817900002,37052.02207,58811.359090000005,95313.71983,99331.47797,203300.20536,370356.02889,146766.74181,250121.55118,266708.64203000005,87435.58919,802877.67656,29192.11718,403511.92988,134580.67303,40525.85572,18558.39589,98297.75519,785491.3188100001,79861.97285,281593.29199,338458.76081,37306590.2581,2194929.03672,142004.0961,93630.64501,2806400.22297,79004.22838,104265.44395,188109.99892,127479.68199,102545.55011,124437.56806,5568623.386670001,224514.50515,1343810.50412,262910.72383,922547.16885,1497753.4862600002,98625.9202,91810.83401,435114.26125,29846.754650000003,7505119.91749,4061405.81458,270081.85379,1670954.13668,52514.12927,218299.9824,432487.45044,1148116.4914000002,171554.77648,8226905.40309,293873.64081,122616.69214,6654745.05491,73023.96342999999,1428511.97707,17962.937029999997,149564.5412,5546305.150479999,3933316.19946,5228065.82763,113293.46427,1922630.22666
2019/11/01,1481459.55052,40749.41453,66062.43310000001,107464.20475,111577.38846,238829.53343,417968.45521,168115.47978999998,285361.34025,329207.03275,98007.44442,947334.28468,35079.17808,467568.48997,151556.60103,45515.61655,26181.89839,103917.98942,882696.29854,88991.75296999999,325104.90322,376335.88021,39180126.95154,2456826.93643,157961.21073,107029.25815,3125362.83913,87840.56652,117372.65107,208186.40197,141159.37461,115992.51565,137534.37531,6261687.67509,246612.13143,1513592.66761,310505.80792,1011126.19483,1681262.29642,113887.97833,103164.52429,496724.40099,37406.08744,8685690.24187,4560527.28808,301003.98946,1826758.61772,59822.81165,243859.97649,479772.99599,1288366.74496,194410.84979,9205569.3583,304147.17689,136470.19460000002,7545366.83216,77136.44877,1598021.94954,19896.30349,166342.15351,5300559.36534,4388533.243199999,5803088.927879999,127712.61922,2200915.71973
2019/12/01,1677532.79623,43512.14301,74624.7252,116920.98248,123059.39515,275275.81163,449698.93555,188120.57562,304747.44366,360655.68463,104004.89492,918989.52532,37043.18731,516465.29401,165700.35822,49514.85881,27876.75842,109517.78059,970744.9124,98249.70643,359460.39498,416653.08055,44306959.8178,2711151.28187,172617.10904,114874.87502,3426399.2498500003,96396.40727,128800.79323999998,225459.76014,152633.89771000002,125385.14452,150117.95736,6946802.554570001,263978.61638,1671376.21164,314287.45689,1109466.11147,1855179.54855,123872.04388,113078.70973,539587.18617,39698.24444,8856614.42464,5027832.58778,327540.63665,1985240.39268,66002.78126,272129.90148,523040.65736,1421379.5478500002,212344.88857,10156490.588140002,313519.24725,148006.78981,8229661.822419999,77954.92444,1752518.83572,21569.42208,183102.31993,6387866.2657,4877297.04564,6325044.55606,138756.12092,2517351.45277
2020/01/01,1855644.84883,46422.31683,85577.85775000001,127848.29148,131028.08204,316536.43785000005,492380.12056,219923.05436,326477.44116,402704.97851,111228.65249,1368174.22935,39495.1205,571738.30857,187565.54337,54668.53281,33870.59437,133545.89175,1094098.42509,106105.17245,403121.25005,456689.50638,47635315.12725,2954314.81381,193714.93636,124950.61171,3734869.64694,105651.42007,142088.49486,244370.83803,164352.16014,136749.05380999998,164520.98265999998,7591894.94616,293571.04174,1859834.06082,346441.90998,1206526.92846,2054461.52733,135636.55325,123759.52319,602146.8972400001,42914.36524,10074638.16991,5548758.34594,367325.62859,2190638.40029,72744.32416,301536.53413,565551.86793,1555996.2406,233597.2532,11125218.63138,241859.2062,159665.52616,9258536.67666,104900.82317,1930743.88356,23266.53229,203114.78416,6747556.32641,4865352.777989999,7009798.40164,152046.70967,2899753.7967100004
2020/02/01,196588.96612,3311.0744900000004,8311.367069999998,11248.12793,11306.65258,38849.44333,46057.83812,20984.16584,20756.54109,41491.53364,5753.5467,61300.08127,7285.10575,52110.59272,16402.25447,4835.03412,2923.56824,6947.98019,107914.15055,9053.55912,38532.87357,38940.50671,4847661.191219999,277796.69097,15391.87913,10882.49073,308449.7164,8559.47588,12003.70949,17198.102939999997,13091.71295,12290.75078,14475.69258,804478.72322,30364.82783,165828.98807999998,53137.588520000005,78463.47286,191405.37525,10791.25792,10667.46913,64276.28955,2461.81677,1772921.54454,435411.16685,26601.22946,154466.88567000002,6126.31614,22019.84416,42681.57166,129244.12095,21657.97629,947827.43144,14300.41907,14282.0688,911317.1484,3361.93804,148212.1866,1880.25831,18079.27486,150707.07553,453705.9832,551035.09562,16926.9993,329981.48788
2020/03/01,406857.37702,5546.17029,13807.8688,19919.71467,20933.97893,85458.24204,77524.69434,39984.411960000005,35036.01628,76111.05245,10214.858,115482.2569,11144.96148,98716.86813,32545.7682,8415.29499,5279.86261,12732.43701,203741.20578,15214.26808,77012.9779,61847.27795,12362390.94131,470614.41673,31600.23305,20134.26728,592949.58045,18414.29086,24203.75987,35601.31739,23443.4342,18657.364520000003,27220.82112,1548769.8151,60761.62569,312213.48259,60363.7793,139146.39494,365727.52173,20059.97921,19486.90082,114485.79164,6791.899,2785075.4966200003,878187.49757,50575.7841,334344.64375,11796.58136,44388.20785,77547.84870999999,262944.99391,41813.05956,1841203.61148,39280.65946,25099.34453,1810988.00948,14615.47457,309212.17655,3576.3471400000003,34545.4461,773034.9800499999,866603.1818,1020665.57328,27631.07185,667788.5544499999
2020/04/01,521162.6196,10191.62339,23866.52711,33069.095859999994,36113.92618,136415.93931,176158.36946,62326.754530000006,105044.98133,112057.15025,21205.80166,160477.78205,22989.29229,182484.00944,53167.8222,14407.39756,7649.69107,20040.846940000003,341351.03417,1017.81414,128399.63942,123953.46389,14487437.865510002,565807.2955,58584.2655,34906.74424,947370.89106,26918.8018,37625.20202,57458.71403,36647.44733,43517.35224,38503.91525,2357276.77399,103345.39194,479255.27604,164468.53468,241851.71587,571720.39595,33877.821990000004,31963.84999,183634.29126,10593.01697,5518326.49249,1417843.5254799998,77142.09151999999,641784.9320200001,18041.24405,68006.09371999999,116314.19756,416021.29108000005,73065.98137000001,2761612.13149,60004.26257,28136.42673,2988183.76713,38180.19407,481770.74578000006,5897.23041,53804.61551,-1191060.27357,1409406.6218400002,1711068.24113,48710.90127,1123424.92968
2020/05/01,675878.3631300001,13729.49561,30618.35601,41318.11606,44190.64074,174707.71185999998,217322.29284,81941.80657,150650.89208000002,147932.01808,27970.46755,206574.66644,24986.71636,242595.82886,65377.242170000005,17739.39473,9828.14796,24055.91396,432021.64185,-6285.84276,171768.03837,215144.71939,23114008.40503,835770.17258,73349.63002000001,40303.25727,1261361.27203,33780.467119999994,49824.30604,70455.31345,47054.35683,53607.92728,49587.08366,3077862.37313,125296.60662,638959.18306,163652.10872,319003.24341,747195.38821,43117.73752,40387.8591,231810.66065,14396.39331,7025220.88968,1835549.05637,101999.29646,800109.6799,23335.12669,89676.67567,153344.84608,542663.90235,92049.40011,3710982.59287,72967.14091,40572.44376,3600503.56012,42423.52216,608272.87137,7398.69871,64805.47789000001,-298902.66788,1536317.68376,2259498.46067,56627.85061,1396698.73443
2020/06/01,855432.38735,17541.37591,36215.32576,49350.91232,54258.40889,220327.31546,242443.84655,102449.7246,180202.37221,184978.59526,38806.54363,255938.99718,28829.04294,299603.4818,79034.3091,21489.62259,11855.379,28550.88184,524214.14481,-1888.19457,212527.44429,265389.08537,26865948.59424,1087665.25927,90150.23241,48484.47375,1534311.07903,40714.30466,61588.26710999999,88986.56332,55144.70506,60916.10543,62988.98004,3756487.67043,150866.14205999998,783173.7705199999,183816.82438,388441.02637,933755.15431,51610.62849,49482.72208,279622.31225,18435.43392,8022551.91434,2219485.47312,126540.26801,986033.94893,29594.11963,110222.57081,186344.72137,658225.59248,115766.14101,4718310.22376,81734.46667000001,55110.7954,4409967.6830400005,50821.42991,743720.3483099999,8916.48429,80642.73425000001,427757.46142,2022083.22755,2709132.51432,66701.33661,1705806.84284
2020/07/01,1028310.74105,20670.91186,42748.52734,57197.2133,64111.08288,257782.51865,346375.06936,123381.35511,211596.38875,240264.70824,49837.9064,452478.0492,32405.02607,379361.31173,92056.08449,25144.49728,14062.0466,34188.22932,620216.28767,1109.1464600000002,254738.13126,309152.47721,30666135.09105,1076809.9763099998,106784.04403,57249.0551,1796707.3153199998,47098.42502,72994.77653,104348.64971,62304.73892,67729.41749,77143.375,4428289.103379999,187071.08885,935280.68134,199171.58074,450962.93225,1118824.6446099998,64871.206040000005,58023.82616,336383.4081,23116.28534,8916479.99963,2602409.24365,152741.90613,1222137.49495,35843.96466,133849.53998,236381.1203,787723.1987000001,143923.03414,5651886.08251,94046.26401,66460.81224,5355397.77419,60751.77136,895851.80788,10482.59511,100101.75879,761084.45896,2396195.51819,3128843.43555,76304.02694,2113258.58784
2020/08/01,1227041.20968,23686.78291,53214.71234,67537.73466,76440.24492,309196.45135000005,410935.90655,146968.51267,245419.97991,286814.4068,60479.50183,502115.77182,37818.21422,455813.03231,106880.04867,30035.13933,24041.11353,42032.85229,732900.95345,4896.46242,306510.36272,360625.1008500001,34262467.44879,1247598.34055,124736.29674,68317.17020000001,2093825.52652,54095.24672,85482.0731,122553.97548,71004.60274,84668.29495000001,91710.56019,5177314.57176,235088.39476,1093762.0800899998,240422.07018,497167.92446,1334289.53749,79342.80851,67860.89578,415527.86263,28755.43406,11034946.05639,3071776.03696,177854.4638,1492567.92044,42848.69634,162115.25101,267450.97658,918589.48436,175884.70392,6643712.78852,125798.97614,74770.58014,6254786.63524,69224.42784,1072943.38541,12954.94086,123651.81339,639787.18901,2825435.2892,3621196.50178,89977.66927000001,2510553.85208
2020/09/01,1423629.32972,26436.27191,63487.78084,77753.11290000001,86844.24463,357905.01678,442771.10411,173788.81044,278586.56477,330794.2227,69561.99725,581079.1028999999,41832.26683,542084.69867,120584.29746,33315.8095,25913.53206,48787.60519,843344.65975,7817.00298,361242.36516,435404.03498,37955710.75807,1396368.6404499998,140785.43532000002,77447.74119,2377889.35949,60531.38058,97241.94492,141183.51452,79242.2983,91966.34582,105696.52548,5983282.275669999,277947.67714,1232829.3833,254571.90947,542653.65902,1542031.14512,92533.06249,76078.46023000001,485981.29839,35171.460340000005,12148556.65259,3481023.86842,202922.65322,1819434.33362,69351.9017,188234.56192,306819.0335,1052334.51883,202351.37274,7593926.33526,140176.6543,85991.98211,7166380.90664,78947.76662,1239331.65599,14402.06473,144578.43857,1158004.06999,3415462.57133,4071441.27346,99084.01812,2783998.27068
2020/10/01,1623685.54175,29955.21928,72917.34095,87831.05705,98317.98427,407797.09447,495357.26938,200319.26431,300557.30946,391660.66638,81651.80978,919181.40659,44255.71305,609163.55124,134625.45473,37058.01969,28195.40137,59998.15994,954158.45083,10781.7044,441416.1955100001,557474.23368,42265348.0689,1564044.48144,159193.82313,89002.90249,2674900.59242,66793.69714,107609.24503,162359.01672,88426.87883,101646.61884,119234.43529,6799553.95651,320646.76356,1392628.44551,312370.19220000005,592445.43665,1761043.15687,107723.56159,84963.9461,547616.45817,44312.58638,13470129.9601,3919710.93851,229245.23,2093276.7439200005,76317.15539,213575.04964,345394.83648,1185824.58533,227768.79252,8553843.990389999,158069.27459,94591.85153,8133243.55588,91198.45442,1421554.57277,16021.99931,167507.07833999998,1145321.72806,3846185.69264,4531599.49328,107825.26999,3190220.29399
2020/11/01,1837206.75611,31865.08458,81611.12495,99489.82435,109142.67355,464022.60257,522469.19427,226565.99698,330478.81079,455702.94888,91498.5665,1029797.69629,48245.32403,661494.35575,149947.08637,40350.91369,30795.52852,70288.03370999999,1068316.75868,13763.71238,507110.17702,592167.9878,45830939.63836,1707441.6052700002,178104.72124,99714.34019,2977834.37362,74443.46464,118792.66913,182315.38328,98765.32073,110144.99146,132934.30741,7618262.5312,369907.35616,1571149.1245,335552.15339,639307.29391,1981212.99706,122791.88456,92967.24891,615879.50073,53668.18192,14884229.05943,4356005.38236,257520.76458,2316029.7247,83841.853,238146.89807,384643.32308,1321849.48285,254055.83239,9510031.72082,175314.28366000002,102138.85709,8951556.73502,101508.05763,1605892.81589,17675.55578,188159.83425,1194901.73399,4280837.23796,5077575.53354,116202.91693,3604396.73893
2020/12/01,2048387.69495,34298.00599,90028.92224999999,109809.20902,119645.29091,521109.49352,550302.90963,253295.41873,354591.39283,497725.4632,97240.79439,1147042.88341,52069.72374,712316.43522,164438.42238,44692.04725,33511.89359,78542.59238999999,1179514.38003,16930.341389999998,622343.9157,636286.32171,49501234.37431,1846962.52516,199650.68311,113584.71431,3278017.7408700003,80859.14666,130391.55235,201993.22321,107474.63936,118120.9239,146487.25934999998,8480190.03078,422138.07434,1704141.22514,361470.16861,686001.8169999999,2205183.52495,133903.28102,101166.23034,683251.11317,70689.40047,16147655.32846,4816537.72066,285646.26578,2612632.94298,90087.02537,262715.25229000003,421422.96609,1432772.80846,280250.47539000004,10386410.34974,190762.14364,110370.72012,9875930.94396,118677.83514,1781143.64765,19265.25517,210357.64855,1987551.29016,4745535.09443,5517124.75837,124420.25156,4085816.3721
2021/01/01,2285792.26248,37465.17039,99061.30779,119157.42068,131022.67882000002,576861.78839,515475.95088,285676.52368,378248.69231,614041.5005600001,104881.66956,1490436.06967,57003.08397,764708.88902,185017.40594,48729.35679,42131.64723,137677.92209,1289200.38927,19915.91879,651656.40137,690172.7402100001,53463078.35796,2019321.84474,225244.21998,138269.21375,3620936.25464,89694.67349999999,146503.81579,225256.6716,121140.21745,129892.10893,161467.38607,9078465.90345,481012.48266,1864645.94865,372711.73606,762175.28325,2441475.13197,148795.69731000002,110817.72081,760536.78279,88571.69655,17131826.32847,5358529.44762,325928.92844,2746172.89646,98716.99639,293029.09734000004,469312.0148,1573197.05176,311840.10075,11399160.21646,259455.71467,120753.8096,10893122.77955,131681.70974,2003324.82629,20787.11066,235218.9026,2188814.5403,5290778.7131900005,6086469.0088,133900.13825,4671640.097829999
2021/02/01,239751.29545,1785.28087,8947.98673,8641.47388,9295.70688,56633.83225,34411.57037,24914.613070000003,14711.80348,52610.52374,8838.462169999999,117560.64421,4440.34121,43940.88368,15710.97699,3038.03684,2507.9459,7732.43391,105078.84438,2914.24202,67684.24928,55949.40013,2841694.19327,174319.87293,69362.68491,8502.66022,302957.89813,6747.2117,11953.17241,20187.85217,9824.7314,7930.351360000001,12805.58279,883030.33546,42117.36181,156282.31029,20886.9039,48475.061680000006,215295.12145,9233.63128,7487.2132,63567.20261,6877.88269,983688.17319,471076.20152,26844.09107,242058.26455,5326.72165,21991.0085,36751.80954,117638.79667,25695.31124,916141.78082,30633.898510000003,11323.30845,903042.25006,9390.07876,167855.46766,1673.72964,21921.98951,336158.73881,557735.5564,435704.83537,8311.238010000001,446447.47565
2021/03/01,473179.14704,4081.9533,16652.90392,19971.69011,19480.12728,106179.06773,64776.52059000001,49140.57251,30329.22475,136240.2993,17718.79855,295985.81392,9016.10954,87202.57341999999,32208.5374,5828.5508,4738.43102,15964.97537,226815.46208,4915.21211,137844.16256,108392.27734,3999809.15818,320649.95246,92196.66832,17320.144549999997,594923.3225,12335.25355,22679.83438,42069.48025,19986.80219,14699.67022,28443.38269,1750949.32234,91525.24751,302203.47132,39848.90777,91777.36609,420246.67116,19946.43491,16068.609949999998,133575.85159,18125.68933,1543042.92171,907782.90972,52143.4595,470124.01105,10823.18915,47434.461,78559.94279,239927.99819,52272.90677,1814044.82075,49332.2752,22331.01965,1761089.04099,16934.493459999998,363164.18662,3127.09112,43661.29793,550890.88352,1129397.04765,888101.16984,21129.25001,1097144.52776
2021/04/01,658386.2778,5365.23092,25546.96789,31608.41533,32154.60493,152581.29181999998,108839.7862,81117.88384000001,48576.41066,238845.51437,25039.6996,424642.14404,13913.04746,135696.26077000002,49174.5495,8405.424200000001,8951.74403,28965.88732,344914.24205,6581.78271,208337.33817,168544.38043,6330421.7746,509093.56377,120130.56717,26360.64124,931797.03928,21869.00027,36272.6988,69882.90847000001,32003.37006,22229.10188,44922.03252,2635183.52598,149357.64091,476300.3415,57684.02479,148812.91714,647093.61266,33246.28003,25742.97736,217073.10807,35090.391599999995,2715062.17832,1446324.01496,81503.69662,780322.1746299999,17197.00835,75274.58779,113344.3815,371822.24415,81369.30888000001,2824862.55618,74181.93026000001,35859.34607,3063328.4434,29715.0941,598184.96691,4663.14837,71463.52003,1062228.36026,1758753.63079,1509374.9233,34668.498550000004,1980431.23836
2021/05/01,912727.11358,9085.12578,33899.01057,45547.73685,44441.32776,216139.15192,130984.70453,117554.67506,66822.17135,324650.75196,35718.00452,728557.99871,18667.85263,179620.61739,65356.695490000006,12145.407990000002,11336.58875,40302.17229,474252.14415,6015.98672,279234.28558,226671.79333,11714621.19796,668269.12848,146663.41573,35837.42107,1284784.93777,28140.20078,46338.91095,101000.21896,48133.775720000005,29538.91999,60220.44448,3554487.41081,213132.18673,644381.7204700001,74489.10296,204006.07643,867869.25117,48485.7542,38122.60953,296726.88355,49676.12086,4151388.37256,1986469.99522,111147.45893,1121349.52309,23980.00085,102473.09413,155160.69293999998,510818.81755,112783.64064,3870333.17859,102723.65246,43982.07878,3992419.09574,38266.16202,797481.54513,14840.13907,100752.70931,2999977.87495,2374611.8169400003,1993532.99492,43205.38468,2682044.01809
2021/06/01,1146434.68062,13313.91699,41796.81588,58175.77371,55419.91143,294745.01822,157513.27753000002,151805.0992,90154.17224,409544.8634,42828.64911,806257.00448,23082.767310000003,226866.12852,80935.91343,15063.59211,13302.23441,50357.69675,600746.86492,8814.53499,349889.7151,285552.52507,16024234.75977,842283.86527,173613.00146,43798.22458,1609337.20774,35615.78666,57339.55005,130142.60438,62180.38339,36949.02362,75550.19386,4492814.99895,299410.84539000003,824894.69432,92670.1443,260287.03015000004,1086825.21893,61017.26067,47967.61982,374769.2685,65636.82368,5304462.34856,2509134.98739,140444.58788,1368712.77682,29275.4488,127654.29505,192866.8288,641325.0098900001,155274.0581,4842537.12514,126275.02017,56665.03887,4883860.53308,51929.68937,1001409.5416,16743.49262,125185.50444,3389687.52251,3005793.74148,2485915.01101,50525.98482,3417029.44003
2021/07/01,1393713.8025,16950.85038,50241.09928,69962.64044999999,68390.64609000001,359180.64958,189131.44098,188482.03951,111471.84537,477098.45851,49108.42861,1401490.34241,27795.0649,266058.23989,101544.88739,17515.01607,15168.73206,60564.30229,735818.11115,15774.4896,430226.2163,350425.8478,20552161.64838,1028022.47202,201162.09036,51224.49055,1945513.25609,42117.01622,68047.1606,157558.86914000002,76111.95237,43946.62319,90512.6838,5413380.75795,391496.5333,1012552.72818,119184.02151,326859.09102,1354870.85103,76390.49935,57265.91474,449017.32296,76767.41449,6547975.557519999,3046610.8174,172594.58917,1595246.81933,35161.09226,153799.20755,238251.95334,782636.54648,187527.3706,5878564.23883,152794.65079,68009.43166999999,5835019.06748,66218.05748,1205579.8559100002,23717.77871,155640.16779,3815890.38627,3653869.1352,3076021.9473400004,59791.18076,4194778.26223
2021/08/01,1643969.81867,21286.28459,60520.35044,83849.05075000001,79888.05144,433811.29041,230587.31404,222934.51594,133595.41415,550955.96395,53518.37062,1525020.43417,32700.52472,313537.50437000004,117391.22564,20561.11957,17775.526159999998,73227.06089000001,929694.22766,18617.944860000003,522174.10555,424219.61636,27031911.44345,1220453.90636,246216.01805,60764.73018,2318487.63597,49123.63907999999,89377.85162,188133.31351,90324.7003,51763.32101,106460.5018,6382345.442290001,570965.8248099999,1207545.65671,149268.14917,392745.66087,1585407.73883,91259.41438,67326.26468,538986.46466,88158.93334,8183880.50069,3611321.73345,205593.80576,1879686.53445,41318.91269,179716.17841,283067.24019,929922.28273,223184.57998,6973586.88975,181964.61583,80490.70083,6893848.32794,74219.79326,1410571.92182,25562.096530000003,188040.47638,4384907.744039999,4340928.022799999,3630288.145,71408.22645,5102449.567100001
2021/09/01,1938018.67006,23606.87525,69491.57097,97998.51844,92472.52975,530625.40489,256754.59134,261785.90984,171676.81855,630574.172,59366.09328,1634436.54887,37840.820190000006,359231.70601,136242.10579,23519.94156,20131.04727,84407.95628,1068835.7964,21592.72241,616215.77757,492481.20811,30615202.68267,1439167.37352,275524.25187,69375.80637,2691712.12987,57545.51191,101472.66528,217871.11491,103240.55249,60277.04785,121166.70251,7388150.92755,768847.56223,1414082.6253,176508.81838,450166.90644,1816671.45392,106214.88931,78624.41346,632823.89079,98606.39006,9470564.50782,4163547.7083100006,237174.25808,2168123.53589,47836.47316,207595.45407,329270.08054,1081656.09799,258435.17785,8090559.80111,217537.71638,91822.92763,7965171.35306,89083.68115,1620680.3343,28065.86522,219022.39082,5014174.0411,5010958.85757,4193766.46767,84381.4384,5886863.30092
2021/10/01,2219248.2423,25155.28064,78767.242,111826.26466,103985.6098,632851.60292,296421.85341,301672.37198,189718.33806,726123.21656,66729.17857999999,1718310.76503,43011.08116,400476.70023,151127.85275,26479.65539,22586.32709,115738.32191,1198633.28523,25014.11764,711537.0149399999,558009.27597,34634261.47342,1672662.8503500002,304859.70297,76851.733,3055275.09974,68962.5417,111055.47625,248432.14813,116458.12998,71137.96295999999,134665.56962999998,8459558.65226,886320.74364,1620585.15048,187455.37996,506927.83303,2042604.83979,121722.34825,91444.52825,716580.122,110031.73128,10379157.45144,4740822.67337,268287.14358000003,2430314.46011,54040.0298,235425.31085,375203.77061,1238475.04837,288495.18242,9159692.92633,241396.42947,102595.81654,8986893.556330001,98356.11119,1849846.89201,21169.64453,249712.09951,5476268.94482,5640522.30913,4779397.88014,94567.64541,6683857.43747
2021/11/01,2501404.13039,30852.87579,88298.0883,126583.16507,116871.15688,727705.10707,339212.83758,342190.50425,209628.63821,826042.94581,73442.06986999999,1864893.36661,48415.71294,446471.72211,165817.58722000002,30712.89536,25217.9948,129454.496,1329320.55109,27968.10721,818229.24151,622264.17247,38991075.24629,1909828.93523,336285.9158,85298.33799,3452842.93013,77429.82125000001,121846.65117,280700.57491,132246.3472,80992.79226,146324.94592,9621144.18679,1006202.46036,1831306.60633,214052.48359,567425.59393,2274889.90324,136311.61251,102923.56882,811527.61824,118061.58612,11228006.28845,5340223.83164,304427.45288,2710468.83455,60944.11427,263742.3629,421954.56337,1383515.5659,322792.76115,10279123.60621,260630.0103,115288.5476,9990481.08274,105766.33351,2071900.4682,23818.62088,278425.10248,5817500.18314,6340282.30793,5366186.245879999,104745.84001,7586128.86838
2021/12/01,2801611.6479,32450.289580000004,98926.04002,143271.91608999998,132859.76951,807208.59199,395611.06853,385179.75594,228008.92339,963944.14369,86635.07698,1972639.009,54054.06369,495508.11023,184970.79313,34248.535939999994,28774.63715,141052.74275,1474585.13772,32021.26575,937721.63661,696816.7259000001,43310910.504250005,2154794.88577,370954.2326,95520.09942,3840429.25338,86962.02845000001,133416.16155,311151.18501,145505.08095,93611.67355,159315.56506000002,10787119.34156,1141760.17658,2043694.00985,294665.96595,629757.90923,2512000.96716,152461.30084,115948.65,925650.61912,125438.79226,13220285.07212,6008005.58121,337470.96909,3018687.02184,68328.68671,293582.6766,470838.67917,1541026.26369,357813.70349999995,11361840.37536,290731.05609,124876.70469,11276950.33901,115763.43603,2304955.73321,26777.98154,309710.05254,6324619.32456,7159230.15136,6080724.45131,115462.11982,8501494.631760001
2022/01/01,3129052.19179,38262.13834,110511.62008,158236.10151,150262.84025,894755.9975399999,442480.93781,431209.34803,249646.36031,1103520.6804699998,98709.61746,2156311.76577,59999.32141,535805.1283900001,207143.47229,38051.34405,32548.320339999995,158884.12855999998,1650989.45739,35965.151640000004,1069473.21111,773968.79308,50937542.13494,2424136.35508,408390.3774,106571.4221,4267791.767890001,95382.95657,147570.18804,342750.38854,159292.55939,102924.70151,171257.66839,11917727.81844,1314354.7507,2262343.5206600004,335201.81877,696515.15084,2781113.83746,168797.13159,129022.9303,1058066.57837,136248.74525,15567435.11939,6611751.38524,374811.14737,3372255.8978000004,76572.56483999999,327211.90193,527785.4449400001,1715757.4649,399444.5287,12672632.55982,360617.18632,138718.00400999998,12667675.4398,128890.14047,2612691.41887,20084.88487,352573.99975,6995861.60144,7909478.04893,6753964.87921,128528.54077,9419702.18003
2022/02/01,306457.33092,2078.52289,10504.69705,12131.24853,17256.76947,77143.12255,83910.30486,46493.27522,17297.65778,87193.05553,14080.13273,153089.83771999998,6115.674730000001,41130.09467,19387.11382,3986.00836,4149.1844,14407.75355,157249.37513,3860.7143,119775.74969,84207.93561,3455524.62621,263960.51624,36266.22485,10435.42684,411108.83295,7045.340569999999,13155.52697,27147.80812,14973.9621,17395.31278,15365.56066,1280100.7070000002,117751.24183,220718.80429,50541.65275,59214.94696,250772.55003,13978.45032,11438.36188,118430.17942,8912.14316,2290680.33188,644077.71896,35084.59448,331276.28637,6932.6369,26538.11792,47426.38894,148875.66996,33073.201,1221747.27067,36119.22907,14121.81921,1454101.49015,-7064.00958,258660.17788,3479.31839,29405.59313,184913.51377,664727.09885,676280.6814,11094.23455,1085955.42292
2022/03/01,594857.9770699999,4634.98387,20077.51443,24739.2981,31817.25538,147556.71831,113315.07172,88475.65265,50848.51419,137750.36893,25248.83688,252530.30628,12051.32249,72599.72662,35217.91641,7873.48337,7801.24377,24595.36568,311429.83307999995,6473.94582,230223.70672,152284.44542,8647251.07503,519131.51608,73756.44901,19050.29745,813920.9391000001,15142.07307,22531.80129,53058.43482,28952.34274,29972.24789,26539.959150000002,2407125.06742,258107.86328,424812.13742,57689.183059999996,115727.73021000001,463424.50413,26661.11811,27107.10412,241464.31480000002,18014.7908,3491972.9794099997,1257549.29118,66912.0186,491603.69630999997,â€¦,54058.611769999996,94079.11435,292251.54998,70211.34204,2412819.96575,59143.055349999995,25363.931350000003,2794337.9903700002,-15.79506,493848.53713,6208.422299999999,56678.71944,803129.57609,1367401.86472,1257804.2425900002,23407.47258,1811859.00154
2022/04/01,987438.73166,6742.46358,27610.29493,34282.486820000006,44417.5992,271045.70322,161559.44590999998,129076.77588000002,61841.069650000005,163808.88402,34977.37108,310925.95288,16444.553849999997,103097.28525,47900.5889,9986.30337,10412.70589,32036.04019,436542.78751,8550.07127,313317.73575,206751.9438,11031868.88032,699959.2003499999,112463.57445,25704.02445,1228728.56947,20855.26673,29979.08154,75415.45367,44298.56478,37046.585210000005,34091.34008,3624470.5669,307314.03273000004,651033.85667,83951.24904,177140.59029,682389.81627,34861.92934,37247.92691,321812.10062000004,22293.67695,5712396.97771,1837186.6717,93301.04191,758635.22084,18146.57279,75701.24653,138716.95609,424371.60797,119675.78881,3492415.82196,72638.68757000001,35869.45386,3910536.10433,26248.915490000003,732008.17733,9037.45092,68822.35486,859327.92321,1947331.87687,2014177.35781,32758.29081,2752949.0779500003
2022/05/01,1344878.05749,8858.93066,37679.76932,44172.98197,55893.39682,393787.37689,195768.47667,166345.82305,75660.45429000001,195265.36576,48222.73954,401033.65932,20868.0001,128417.76287,61628.87772,11325.66736,12156.62678,39902.15733,551000.7164700001,10507.14456,400558.65158,252725.77442,11943523.07258,868708.55585,145747.58667,33378.36176,1656710.97864,26633.88938,49151.80737,91737.95715,65824.19965,41983.94587,41809.93769,4813162.59052,374893.81708,836646.1444300001,104207.97559,254893.77356,923457.04109,43122.63299,51075.39074,376935.65928,27623.78794,6452408.83054,2407013.92498,122344.0853,1062648.20913,21987.16304,100009.72937,180611.39039,555453.14202,153919.0954,4489939.552130001,88193.41371000001,50677.13434,4830837.46807,27689.34056,984327.53865,11777.04887,81726.54826,1124991.60874,2495403.78362,2740442.3636000003,42735.195230000005,3430866.94144
2022/06/01,1828035.93989,11018.31208,48627.58784,54564.73135,69672.69260000001,478563.36983,219299.14559,207700.64966,94893.15843,270518.74622000003,60522.53403,516078.48661,25410.39087,155685.93062,77520.58592,14790.16464,14972.26518,48744.37874,745506.8168400001,12669.95862,494906.84624,304381.48376,18984368.89129,1113051.86549,188700.77561,44785.38305,2155007.93813,30740.91311,58307.02897,111097.39604,90994.32447,48549.31339,49784.7936,6110259.00035,480716.51899,1070254.56494,125839.42257,365200.02097,1279155.68112,53818.862250000006,62213.26842,453011.34276,35508.114839999995,7536289.901719999,3105209.35502,156555.67769,1468910.27038,28527.83423,124921.44397,236991.02823000005,707677.07716,182749.58967,5915987.60915,127228.43508,69459.31994999999,6057526.61936,37659.529890000005,1271596.29497,14738.7124,107361.67887,1939384.42911,3259540.56123,3553532.71322,55005.2925,4736281.35744
2022/07/01,2418233.73863,13116.269880000002,59951.57494,64066.95577000001,86021.03853,582734.8865400001,215598.23785,253555.79036,119298.4263,314947.00687,81321.25684,993147.3194,30198.15457,188537.89902,97288.94425,20678.54424,19756.89464,52449.5665,1008603.97865,15310.74704,563414.92248,345518.57278,25510589.33911,1467633.53382,222758.9739,65791.51646,2747084.95504,38091.07334,65736.56759,122495.71386,130238.92357,57229.53603,47152.88189,7333198.18502,575306.0479199999,1257768.04503,268892.45998,513218.53638000006,1603543.0046700002,66118.24604,71521.21112,561903.72699,50900.30817,8660906.235779999,3893093.70028,197788.70368,2083804.13152,34857.42536,155373.96480000002,305710.691,854980.2298900001,216659.18965,7550041.475959999,154463.13024,92403.6161,7162280.48482,53130.60549,1695546.54009,13409.19257,134630.64535,4204546.6563,3874718.4893,4727274.90642,68505.24055,6645686.07051
2022/08/01,2936270.80992,15799.02834,72310.58570000001,77902.67649,105319.93245,738880.4089599999,303850.37287,303098.79558,153926.62388,615945.95908,119717.69507,1112154.5524799998,37408.02498,243050.75122,121050.26336,30140.09154,26455.38092,57849.08951,1366753.14815,21390.99763,686206.41432,414850.1454,34309370.51397,2071217.83066,268168.47746,92413.02688,3415671.7813,47685.688570000006,76952.03778,136813.98182999998,177914.19210999997,84591.02477,47349.94534,8719507.873230001,726273.2207899999,1450450.9651799998,392454.49873,678278.35333,1945126.0411,83594.83428,84277.35948,657507.72951,70421.73114,16237437.33461,4674635.694759999,241433.0377,2475850.84796,46922.71697,188853.08301,379586.97243,988472.16638,249245.82227,9495619.7124,240121.98797,128668.74689,8888396.840060001,137130.56734,2165373.93115,13136.57262,164135.62241,5103206.646190001,4507463.9376300005,6309376.32672,80074.22207999999,8124491.548300001
2022/09/01,3285059.9438,17997.31756,83170.94858,88564.74115,118611.63937,833728.86085,326842.58887,361254.58504,162520.49734,645569.5347,158344.74483,1160931.50804,43491.40276,264296.28361,140969.16418999998,33979.24651999999,31232.04408,61694.75136,1510018.61477,24729.02221,769851.27152,411573.67488,47759437.71486,2601000.45019,307510.4631,123519.24067,4043950.57574,52685.0617,86103.85564000001,153243.70673,222380.44702,94361.6684,47523.12864,9765850.81989,864613.21832,1655386.48441,409750.94578,853140.6601600001,2170056.08114,97995.75013,98278.12229,740049.66643,96189.59692,20746440.77542,5479934.64689,286898.38933,2841452.43077,53019.09493,223747.82099,443517.80405,1126427.6860699998,278267.19684,11338426.12384,238409.49729,157774.40595,9696023.0826,136420.49082,2572193.74732,12259.7582,189576.55917,5202771.474049999,5032496.64745,7407037.17304,92674.71999,9153105.48652
2022/10/01,3760832.27771,20227.0477,94674.97436,98842.239,132401.53841,933036.27381,338222.15045,420513.34044,180656.20286,656471.43551,263743.7884,1322694.1380599998,49385.73257,292077.32943000004,158693.50628,37331.06996,36312.8604,68813.5616,1737903.43353,27335.63543,862764.43546,462445.07315,49666707.48211,3098726.07256,345183.30248,136413.7052,4690837.68067,61904.7712,96042.87433,169482.5017,264237.89001,103933.63891,47626.25655,10860582.48854,991542.73168,1845390.54628,452934.59387,1026802.88357,2456886.22689,111346.29126,114405.87682,841522.9545900001,120290.25394,23410956.32142,6259062.8975,328652.69105,3247139.1326900003,58602.49193,258095.49734,511302.54861,1274990.8458699998,314663.70084,13354870.19226,250390.41369,187589.7887,10534000.71007,167251.60233,2926192.22556,9082.63384,215128.46018,5394577.78841,5600383.02624,8520105.61592,109622.6003,11169768.35069
2022/11/01,4102735.21791,22468.87386,107959.17236,112570.24183,146060.58056,1043737.41075,358329.32247,526496.9220499999,202359.075,814944.88912,376558.26779,1342795.36177,56040.94347,317205.03516,177151.962,40781.93831,40999.64012,82224.10409,1926562.88061,30666.55802,946611.87411,520800.60347999993,57299493.40386,3660469.57556,381848.70987,148486.26192,5346601.20241,74117.54556,105946.03534,189009.57798,306384.82584,113681.09236,46943.12262,12003225.45842,1166378.05587,2040143.22587,476613.85035,1203484.6060100002,2791882.07499,123776.71153,129281.05111,944356.70033,146327.38105000005,23805962.84037,7089542.33801,374581.60176,3602533.03075,65976.45187,292139.37742000003,579214.34914,1453955.33963,349630.30921000004,15246351.29837,271177.60586,223349.07773,12246103.57127,202471.77113,3115744.58066,10719.16309,246223.88553,5494043.36403,6259416.13136,9813198.72603,131855.2866,12465948.79739
2022/12/01,4389118.40711,24536.00864,122207.02419,129426.22223,160947.42357,1153354.29908,374398.83732,584963.7390200001,225679.47256,1231800.89173,508030.65368,1523535.85803,62696.25088,343686.11835,203106.56277,43854.91508,45977.62566,86957.563,2129135.29788,34099.809890000004,1037668.64582,580153.09098,65432480.73399,4222633.44453,425356.75588,163097.77808000002,5900125.90084,84123.35618,117222.50755,220398.07524,354058.25071,123527.48173,46086.60256,13325855.18194,1357155.55628,2224825.49786,546240.91819,1383183.0058600002,3142698.0114,134407.14931,137866.76233,1045143.38349,176655.91994,25635458.9128,8033579.39446,427494.89781,4010255.75492,73243.13093000001,330547.12828,642443.96759,1631735.39633,386079.64936,17248959.90672,293979.75317,260569.96723,13161965.58839,257517.6512,3346395.5585600003,12776.93434,279709.92063,6373092.66007,6870317.35585,11155700.22328,158530.83857,13880435.00129
2023/01/01,4433510.285180001,26925.51445,138646.77803000002,148459.38145,200306.75994,1338269.3866899998,364646.47707,651394.1256,261004.53705,1277580.6972,722715.6252700001,1653177.68971,70169.89299,372243.0109,229489.88288,47028.55128,54128.62233,95197.52494,2352400.71247,40624.9687,1153201.31513,683944.16726,73233271.5512,4868230.830159999,476675.29026,179450.96438,6620193.64956,95041.23857,124740.30661,255574.13108,404324.35441,134746.49712,45342.70701,15452663.02596,1615536.8421,2403119.57635,565590.47902,1560658.19301,3497419.97568,181582.19753,148406.96034000002,1182308.52736,190361.81392,27476110.27679,8990118.92131,477273.61199,4404878.94229,81040.78866,379730.13921,712537.33441,1840141.68453,431056.62268,19387257.09555,381580.71078,305062.20654,13913103.65022,246900.44044,3671198.3763,15288.61594,331752.135,6855946.8356,7518579.94355,12574447.42177,178536.7821,15391862.96372
2023/02/01,334724.61569,2567.84061,19343.31592,20189.80377,16333.939959999998,155242.43221,15953.83408,,35924.84624,52893.90737,175939.62872,153031.48554,8145.91231,28572.79764,23063.15355,3275.32962,5006.72008,6038.2295,231204.42331,4007.31701,107936.50254,66018.11403000001,9720683.24433,669627.97707,53567.342840000005,12519.87233,682532.26551,14666.96909,11928.98479,33118.94116,44409.30135,11685.97962,-1371.86345,1234222.59812,296995.73149000003,158014.62409000003,48695.28392,185474.10485,385310.2723,5904.61763,6189.86484,117339.81504,7260.55634,3021442.79706,949299.91624,46605.60858,350195.8614,6975.95887,38882.46058,64503.31709,182890.89069,43592.01268,1890083.92391,31958.60239,45533.67413,1201441.55873,35536.87789,277773.51811,2467.19154,32940.960349999994,592186.34562,630211.02592,1287118.23236,20896.81696,1448653.70547
2023/03/01,629300.16181,4827.74676,35981.99889,37393.93306,32961.74244,302784.34828000003,56587.46054,,109511.85909,96127.35144,185852.37761,247074.27435,15325.98242,55538.5221,44193.42298,6525.59882,9215.18992,10524.078640000002,435388.08049,7279.28002,204215.54425,206901.88249,14318376.77936,1250722.37729,98760.06313,24274.70011,1340703.16248,30849.640440000003,21612.295970000003,63024.448390000005,84962.44857000001,21406.84421,-2305.31258,2293480.4099,,297904.64654,61735.43736,344321.77588000003,666039.18615,13828.32346,10865.53018,262601.77838,11250.22545,3417990.95275,1721372.5568499998,93786.76079,634987.33701,13870.27397,78162.79383,118876.06338,352783.64752,82266.67008,3800683.07597,58199.26881,87287.23985000001,1998914.99933,66169.87806,533026.27423,4598.9623,60704.0016,602149.4503799999,1190440.0983999998,2473921.0264100004,38213.57983,2744304.01237
2023/04/01,880728.72476,7981.088650000001,54279.76307,56082.81715,52106.75821,402688.17845,70984.15736,,141944.39325,187390.3269,195992.06342,390033.08335,24076.22491,83246.59237,68020.49441,9806.04853,14809.372700000002,35680.60716,667101.81651,10987.87026,321976.46393,239755.853,25638406.49568,1915424.01556,345602.81421000004,36013.65093,2060489.48514,44042.1462,32923.81788,97896.63529,130435.75125000002,34120.78739,-3309.36793,3539229.2562,,453715.15451,100106.61486,534542.4956,1005440.21974,23348.5915,17779.266109999997,397737.71346,17146.473530000003,5395979.33792,2623037.02231,139329.06656,1035302.4305,22618.99207,117015.4924,175100.66332,539190.99844,127657.74311,5706792.716779999,85843.74541,129813.58601,2855166.35964,83918.50872000001,851933.7133599999,6955.4993,107683.62198,1415043.47665,1824662.59353,3819899.88963,63322.28403,4186888.17795
2023/05/01,1121244.69253,10828.81152,67498.64029,72071.73956,69801.61709,485170.1192500001,86955.74072,,172425.71275,255950.53453,210437.76731,430040.40241,31773.15685,109702.95606,88454.74317999999,13597.50053,18417.17052,47010.91912,837177.01577,14199.72217,430427.19681,343645.35409000004,33316570.85652,2552168.2905,392237.22507,47230.65351,2753701.08874,55438.96377,45013.61282,114796.92392,170139.36383999998,43111.29576,-4665.3566900000005,4695036.089930001,,605834.3758800001,123546.62163,706990.7382599999,1299122.74172,30846.55435,21769.48415,492457.05696,20898.54785,6045225.67871,3428967.75599,182751.65172,1284257.69623,31645.22235,157601.47147000002,225271.43272,777501.2070899999,166154.50114,7385199.48027,109465.98405,168400.16363,3629767.81113,103303.16027,1053555.5439499998,9472.64768,137276.59731,1737658.813,2493721.11563,4995185.54374,85070.01961999999,5411451.16077
2023/06/01,1366486.7975100002,13651.85956,82112.75723,91682.518,89744.3627,566168.12137,105227.3915,,221452.08242,334360.9377,226254.19315,501145.96322,39062.53806,139714.37186,111950.85187,13994.24518,22034.32206,56003.78194,1010666.71643,17130.92786,553446.93043,445715.82872,41551147.04883,3205435.81392,437521.74802,57948.36355,3477270.31442,66642.58226,57841.98248,135429.86638,211066.76609,51836.71,-6241.3965,5964782.971960001,,765464.2920799999,134086.68438999998,883335.84493,1644167.68363,42680.2237,29543.048550000003,585090.02191,22940.61451,7172630.15436,4318048.81431,233511.51345,1656900.47793,40173.32787,198902.42027,287231.16685000004,976978.31244,208172.73874,9341725.82571,138151.55383000002,206546.14921,4263127.767990001,127333.70986,1294648.44352,12284.96374,169867.30667,2153039.03463,3220645.65958,6259604.00986,106651.16247,6490767.42851
2023/07/01,1660804.58086,16374.8502,96902.17519,110316.20681,112149.84135,648394.44092,125760.78122,,250264.55945,454633.81654,240094.13796,690999.66183,46501.96819,170496.02557,139689.84144999998,16417.89756,25572.77247,64553.429390000005,1236184.52324,20112.9372,708690.38549,524212.65451,48605783.30698001,3849258.81747,482741.89001,69381.57554,4242699.69039,78828.9397,72553.36125,156738.38188,255035.62068,60221.37752,-7765.45546,7255508.82215,,928596.05755,165351.73069,1065923.21249,1990236.77512,53900.27623,37569.80903,710118.93901,29558.75157,12558180.35608,5179743.215100001,284462.83657,2045187.33189,48130.34667,239187.3445,337623.80747,1181594.55232,248229.39053,11183534.9245,169479.45942,243925.91523,4761027.35509,148930.08617000002,1566981.31333,15641.70973,205462.50094,2712522.32122,3972509.15961,7586203.08146,132024.67802999998,7885002.440219999
2023/08/01,2012671.11704,19145.86728,112563.37993,130077.01258,135882.06724,,147011.6488,,278619.37564,560028.13749,254424.03464,718779.4956499999,54430.43364,203890.1664,164860.92111,18868.28415,29212.19691,75506.5293,1420315.91866,69155.68807,842858.1362899999,613010.8023499999,56005049.33847,4517194.469310001,526346.47966,80417.04946,5061522.47171,91504.86833,88895.90599,179990.63942999998,295556.92259,69183.40062999999,-6360.001719999999,8638779.73735,,1131829.91795,170309.3614,1254934.43733,2387386.11763,65160.09391,46787.86501,815670.78451,36949.84047,15440034.31281,6107026.698249999,337498.55741,2477014.76533,56918.36071,282629.56988,393137.26245,1404841.09037,293288.47923,13041694.1956,201045.80978,286331.62549,8485217.45666,180715.95003,1829530.84872,19314.83316,238812.70224,3080492.47973,4771765.48966,8927442.24318,159358.73789,9261530.90769
2023/09/01,2316090.63264,21558.92049,128273.45952,152848.13187,158741.94383,,166678.82573,,294708.81992,638939.01988,268036.69554,828234.38987,61258.3432,240006.28784,189991.08973,21291.76376,31876.2857,84972.85273,1617055.7336700002,75578.65116000001,1008955.17597,729465.6624,63795295.26447,5226827.88738,602818.37686,90136.17214,5893276.50214,103555.97969,102430.15461,200343.79765,334465.86556,78358.70258,-3317.51555,10035000.85499,,1312810.67605,205114.49577,1448982.20452,2766167.22432,78986.75285,53880.7194,926284.21717,45428.91454,18231848.67697,6964518.71678,391643.45226,2912609.57831,65465.972590000005,327031.27442,444264.55537,1635801.87548,340432.91508,15051523.04793,237540.75179,325794.41879,9257858.94389,203072.50165,2098814.46271,23053.04855,261919.31439,4069490.79713,5644229.72691,10355844.56134,186770.78612,10729921.4617
2023/10/01,2682259.3143200004,23844.70696,145227.8244,173254.78751,180335.31875,,186197.37014,,342183.83873,752386.66129,281049.22028,921806.02747,67910.66522,278017.23201,212505.28169,23527.62664,34277.58531,107117.93596,1787461.58865,82252.69907,1179420.56622,816122.38329,69992216.42736001,5925405.02229,646171.52342,99236.52573,6654412.39239,114526.68684,118070.83636,220459.88415,369334.14881,86836.50493000001,-74.84166,11456289.48832,,1499854.1774499998,233336.41478,1592082.7215,3141507.13734,89026.80549999999,59663.70827,1068718.98818,54239.19566,23855026.4074,7642632.7043,444260.8997,3343492.86279,74292.63883,370055.12,490583.2054,1869166.26139,389295.88317,16950706.80076,269930.08495,365248.53928,10046751.24297,222168.85523,2391318.00196,27147.19906,,4821103.71889,6525824.107849999,11550472.28403,212781.5461,11167443.22129
2023/11/01,3082956.00245,26011.09984,162511.67090000003,191940.31462,235348.08738,,206646.28086,,381327.95722,874845.75934,293754.44950000005,1050090.11602,74662.92727,311224.94348,235032.37229,25792.749180000003,37182.79124,131444.90109,1995581.09478,85176.95599,1373734.47369,910285.54318,77554644.99571,6706072.35585,693035.16122,107234.12394,7461439.22171,125357.99497,132254.14004,244713.89863,408873.01368,95343.47308,4112.00426,13080735.48434,,1693391.29577,259659.11196,1759711.71562,3534700.6001,100559.73362,69609.48765000001,1202033.31297,63517.79994,25632391.25223,8661646.39942,491453.67507,3920231.04674,82767.01398999999,412265.10263,570095.64677,2118644.43217,440919.83106,18847697.46315,312959.45921,404882.86948,11028583.94793,253723.77443,2671811.38316,32647.91123,,5733297.036130001,7426187.04264,12781748.61113,238650.12346,12733009.06552
2023/12/01,3469826.29458,28638.00702,179777.46984,213470.47875,267246.26743,,224628.07629,,424095.3023,975246.72594,307423.11233,1193114.65576,81436.96645,344167.14584,257031.59931,28161.68011,39401.95209,152492.09804,2194812.6750800004,92253.66291,1588863.41101,1036431.7023399998,88653361.27381,7426323.0807,739325.89733,118092.71286,8256726.410929999,136055.18108,149919.97611,269274.16212999995,449176.10332,104538.99134,14947.27452,14532373.62475,,1889554.68765,302396.75157,1919579.91432,3932977.9302,113629.9598,77536.71905,1346094.7557100002,73198.06105,25170198.78682,9483830.57313,535491.901,4316276.87389,91674.81814,452707.12568,627319.76966,2357010.73186,491738.96228,20840459.66764,357827.60113,442984.02721,11938665.54921,281988.83778,2964642.25544,38119.341120000005,,6738894.90919,8326555.64397,14069826.44361,267080.25208,14326172.01057
2024/01/01,3810052.38525,30835.98635,198449.19978,235132.52419,311855.73991,,253081.14205,,466073.49646,1120510.3298,320354.62991,1348249.18641,88741.04943,382272.06641,278719.38822,33016.88732,42615.95351,187467.43125,2454199.56065,96048.73503,1804837.90534,1156859.88357,101637532.08108,8171730.53461,787696.4971,129679.34524,9041682.78439,147993.55456000002,168391.95742000002,299142.15538,494135.70372,129185.55876,19860.9537,16043269.05841,,2094723.18432,355988.62616000004,2092107.16132,4341414.52513,128621.18215,83444.3093,1528336.8444299998,101785.94082,23359996.99753,10384867.50771,578306.63148,4847642.36807,101577.91781,494417.97239,672697.5575400001,2610257.95376,543363.8789100001,22587247.81488,407815.40529,484378.66681,12920609.3097,296364.67507,3266043.64262,43686.86232,,7907927.99965,9213271.58262,15414264.26274,292915.17536,15792813.10041
2024/02/01,488364.58158,1918.11842,17771.42042,20450.59296,48873.59756,,20331.41896,,17879.75474,128054.41148,8882.193510000001,132213.89964,6897.74055,30426.84593,26059.12411,2504.62866,3056.72662,17955.75909,234711.77909,28200.8447,207609.92456,104773.29221,10151843.24227,683905.92241,50749.84077,7727.27646,861170.04475,9996.41134,14680.38951,25813.21955,39570.12948,11671.54037,4426.87734,1551005.3077699998,,204148.27263,26895.5026,182068.21899,408588.96491,17077.60683,6783.56986,213341.8575,11295.2392,2339752.23698,873473.0954,48508.47788,480958.21043,7432.29593,39696.68035,51270.72382,249121.22094,61750.28073,1956399.50476,61078.25057,45678.3308,927369.80884,20343.7419,290970.20017,7031.97679,,960619.32944,983459.25932,1269971.98642,25619.96123,1785326.1510299998
2024/03/01,878558.5220499999,3558.52673,35403.026840000006,39939.44094,82130.07678,,43479.49685,,44015.71122,258413.94584,18223.52743,295603.91492,13751.34507,64488.977430000006,45464.72616,4879.04829,5549.88283,32366.03583,448143.73686,31160.454820000003,397497.81462,174307.32707,16306212.90847,1325616.02644,90650.76744,16193.20962,1674618.83643,20672.030410000003,32763.51939,50262.59606,79029.1056,24086.26114,9196.92677,3102338.04473,,398179.24022,94438.75533,341295.06411,786987.41439,29709.00759,12269.03462,340578.46224,26002.79029,4581108.7299500005,1671779.66257,95153.64131,885594.70341,14859.87266,77653.41010000001,99583.45199,479829.56721,117955.48742,3677368.15028,108809.83265,89871.2909,1758359.32064,35194.55992,618489.77901,13008.72592,,1529507.47052,1867190.38429,2469177.18216,48500.23553,3208878.83105
