Bank,2019-01-01,2019-02-01,2019-03-01,2019-04-01,2019-05-01,2019-06-01,2019-07-01,2019-08-01,2019-09-01,2019-10-01,2019-11-01,2019-12-01,2020-01-01,2020-02-01,2020-03-01,2020-04-01,2020-05-01,2020-06-01,2020-07-01,2020-08-01,2020-09-01,2020-10-01,2020-11-01,2020-12-01,2021-01-01,2021-02-01,2021-03-01,2021-04-01,2021-05-01,2021-06-01,2021-07-01,2021-08-01,2021-09-01,2021-10-01,2021-11-01,2021-12-01,2022-01-01,2022-02-01,2022-03-01,2022-04-01,2022-05-01,2022-06-01,2022-07-01,2022-08-01,2022-09-01,2022-10-01,2022-11-01,2022-12-01,2023-01-01,2023-02-01,2023-03-01,2023-04-01,2023-05-01,2023-06-01,2023-07-01,2023-08-01,2023-09-01,2023-10-01,2023-11-01,2023-12-01,2024-01-01,2024-02-01,2024-03-01
a-bank,43452.42434,64201.09329,68945.50389,58588.74038,67573.72861,54929.84538,80721.13682,70323.06902,78773.09156999999,76052.85363,76129.77848,91893.61346,95815.75689,103773.05463,108394.93106999999,117818.49708,138761.86253,169430.21217,168115.77923,190815.26194,209235.4435,249540.54072000002,253569.52955999997,256496.97572000002,293403.86127,350632.25462,387661.11327,374690.72502,380948.35972,442637.97705000004,588861.8071400002,479462.15312000003,510442.40398,671718.60232,589034.75557,756079.52727,746283.03041,836889.7312,594575.21262,700210.6225699999,784070.84691,697823.55835,766865.6638499999,692794.2965699999,981625.52692,1598614.0175,1063441.58595,1262973.0246599999,1513262.92291,1965563.27619,1387970.58737,1237919.50284,1361166.61306,1220934.8039199999,1244044.42385,1102874.06145,1359455.39517,1523101.7899399998,1370905.05235,1378846.95069,1150575.1104599999,1445808.35083,1408790.63417
alpari bank,1533.37726,1572.29934,1650.22802,830.11564,5135.431,881.16207,5259.77315,4843.40969,3119.57812,7076.86701,5832.11792,3644.8025,1761.5470500000001,2890.63735,3316.04217,3547.3011699999997,5486.3351600000005,3315.4404,7189.427839999999,5731.769160000001,7892.76147,9564.49441,4123.55591,6876.95635,5609.27837,5267.181310000001,1794.07548,7862.3877,4437.15941,3917.91781,1195.3242500000001,2583.9349899999997,6487.12435,2781.5582499999996,2926.5000200000004,1309.49299,2423.84471,1586.7121100000002,1363.54573,1303.61941,1241.22241,1098.3486,1560.95561,1759.9147600000001,1675.75507,1589.76162,1564.77059,1470.2275900000002,1471.5757600000002,1504.34747,1495.01196,1494.0195899999999,1489.9824800000001,1481.6191299999998,1481.7689,1492.94986,2050.5587699999996,2035.22947,2024.2132100000001,2055.9744699999997,765.78297,814.97857,0.0
altbank,28996.97584,36829.17201,28535.56028,35977.98307,29414.21018,34337.5404,26355.9645,24394.1437,25061.555689999997,29001.99697,27911.2691,28164.770689999998,16632.612940000003,30018.72136,29232.51068,34381.210770000005,175599.60678,123850.31033,133777.23416999998,311184.17400000006,361477.94346,254338.10561000003,93515.57272,38963.32722,56462.41114999999,68835.71989000001,74430.31748999999,55637.53592,57960.22363,68691.66045,73413.44352,72332.33164,90546.45714,75459.74701,69458.43269,66568.84658999999,73870.77413,117193.72464999999,65670.44285,60044.75549,65204.54833,82197.98138,74673.70338,78437.51043000001,78832.9483,82026.25951999999,113984.41265,76989.40849999999,122544.40884999999,116216.64875000001,108448.43026000001,111697.40676000001,99610.45506,88236.69628999999,85210.12517,97849.84928,83605.48543,73881.88819999999,78235.42014999999,83685.26444,72147.46370000001,91879.80596,93013.82805
ap bank,5769.00234,5771.45755,7697.38983,8389.68506,10130.37952,10406.99876,12364.49844,11715.15709,14892.87042,14886.21578,18298.92755,14350.74327,19957.9355,17761.15883,13899.878729999999,24545.41657,27284.25708,17490.738960000002,21135.35328,16165.87422,14934.12438,20160.18582,20919.32773,22271.643490000002,19347.04334,11724.117619999999,26491.46961,20863.76424,21119.15104,24134.47556,18506.63641,20422.208590000002,25678.480910000002,19832.831710000002,20326.77574,14634.02873,20938.27725,21555.86058,23818.517509999998,19403.809989999998,15187.178020000001,14634.63389,21978.55301,21503.14024,20173.63473,37847.347830000006,23625.104989999996,23543.98002,45215.80443,51800.89078,55178.680510000006,47954.71525,71223.82258000001,59085.09741,55208.43763,58581.62313,50042.233629999995,52290.31744,46592.32481,54339.39237,41686.92555,56470.47474,48822.32177
asvio bank,25261.41834,36299.4172,32342.50842,39307.03958,33129.45918,39743.63713,41743.36609,36751.90094,35950.200639999995,56417.10189,41193.661,34390.734,41264.71261,39699.94696,38630.87978,50794.37104,47103.17817000001,51710.8938,59144.63241,61749.129949999995,51499.9286,62855.54557,58666.13444,43954.644049999995,44010.98845,60298.37483,69581.49692,78644.08102,69593.88261,78286.26518,76486.42619,87361.1525,71994.74985000001,84074.006,74835.38977000001,82587.32488000001,78013.35292,98709.81414,52939.779299999995,51842.448019999996,49693.34634,54992.625140000004,62014.52275,78927.58757999999,67073.19107,73023.15566,85883.01305,69380.34786,60411.083770000005,67859.2851,67127.73955,60076.12657,110513.29219,121342.58740000002,139106.92143,125798.17383999999,136676.99174,155056.30081,142126.46139999997,122798.20546,113023.07278,170739.77643,184130.23281
b concord,198822.13731,194729.58339,186186.15636,192363.58243,194200.01421,201768.99841,151657.81459,128565.55495,140675.80902000002,199289.92909000002,196297.57303,200589.74498,202616.04582,257492.23568,254019.27501,332756.30407,302923.28567,347819.14446999994,267180.28293,328174.92379,344785.03876,404047.10868,421760.53449,377676.83811,376090.59618000005,345046.03749,397853.19904000004,387992.53514999995,392919.83935,373322.57960000006,317098.71223,363207.10608,356904.30968,392279.41466000007,352308.37564,363124.78336999996,338046.91871,366152.34154999995,370525.51525,409441.32060000004,514258.36866,492930.54951,554005.35906,716530.24188,479001.31343,474698.2906,481403.71752,482600.41698,499540.70288,480221.16117,488759.78594000003,229810.93834,197459.17304,207562.94721,224819.29536,,,,,,,,
b industrialbank,,,,,,,,169564.48718,195220.65675,182280.75423000002,153505.07538,136868.85397,166375.43033,167649.92274,173966.34085,195238.38868,159266.73549999998,157069.38471,174361.18176,156686.15923,154362.33135999998,164600.03274000002,156706.39180999997,164627.04554,196109.08012,181544.50731999998,188523.25795000003,168082.71508000002,162599.06777,180115.58374,160914.83087,156023.01671999999,177125.91821,172199.54916,151590.317,170026.23338000002,161993.29644,174713.89087,118622.09193999998,88729.07496000001,90194.28524,70541.50163,58606.53434,58204.93000000001,61645.50193,56775.78912,50282.027830000006,48344.86619000001,42799.38753000001,48852.46051,39897.90267,40426.20381,42812.86547,39868.82963,40411.51362,46287.14819,42226.628489999996,41907.45872,45436.32678,46288.84713,48130.91942,59329.802939999994,74889.09092
b lviv,66405.79837,92186.72775,81245.9151,82374.86932,83425.90006,81435.78042,97285.35873,89794.73026,83267.60316,105502.37997000001,80233.44582,75722.69707,72688.25316000001,98222.70990999999,82695.3222,63332.19095,72653.78730000001,74392.09915000001,97897.00316,103916.82383,104756.65458,113239.22138,96163.28889000001,115564.26101,131742.43555,142959.38562999998,123947.73332,109906.90732,124727.71463999999,120542.71263000001,143521.22788,120519.45029,132443.47741000002,117524.6863,130978.19132999999,123396.81361000001,131530.51879,126189.44673000001,127942.99214999999,183648.15236,153638.61189,131497.4928,129226.14073,140914.24904000002,132413.12274,180418.15315,120938.29405,140450.71664,181910.74910000002,,,,,,,,,,,,,,
bank 3/4,34881.39614,102640.29174,31903.01935,31212.89757,26107.79671,33648.78453,33426.9311,27779.22842,30242.9359,39052.469509999995,41322.63443,27985.186139999998,44686.37778999999,40768.3074,36233.75757,207001.73387,46361.79106,49036.54719,65495.86875999999,66900.95830999999,54079.856270000004,84385.60738999999,68579.22514000001,73672.93929000001,83334.80333,51717.96175999999,69651.07111,62443.692970000004,48073.12251,63910.18454,80051.06127,59825.699049999996,60796.61292,55337.03943,54428.47473,105958.04038,84736.67066999999,79754.64855999999,127972.03389,66274.30108,42224.14595,52894.506,44436.369490000005,67259.78515,55712.43370000001,70269.7922,65152.62224999999,76042.82027000001,43527.47035999999,63615.58459,54233.427930000005,72255.83286,54765.679390000005,45075.81695,59759.67816000001,42333.317780000005,36497.031019999995,54627.65691,51404.41843,60894.75776000001,67250.88276,49007.90393,62035.34329
bank alliance,123225.44108,120737.07427,184042.83199,203724.98376,164723.78926,188404.35241,212153.43159,218035.21191,221097.59459,201733.8697,82506.84658,122827.64388000002,180437.40996999998,187599.96135,251319.25059999997,285134.66966,299859.09226,306874.31584,335790.49931000004,247748.12728000002,370957.13321,413084.86715000006,396570.92271,467570.52876,446174.44901,385618.8804,270716.51843,312848.88092,235278.95136,263705.64928,420453.72430999996,379559.77294,445697.01858000003,437837.9699,485134.11702999996,616516.00297,521482.15366,597445.96102,505907.37771,427082.92991999997,445904.07022,481573.42422,465881.03677999997,556915.6983400001,109882.98405,124781.90036999999,108154.05211,148155.23252,127014.59054,303206.72135,275490.82146,258215.52039,284831.80536999996,240915.98565,190986.94517000002,178543.48661,282232.49418,341783.8048,442509.00695,379526.72741000005,568727.49724,606279.0028,293463.5228
bank avangard,0.0,0.0,0.0,0.0,0.0,0.0,0.0,0.0,0.0,0.0,0.0,0.0,0.0,0.0,0.0,0.0,0.0,0.0,0.0,0.0,0.0,0.0,0.0,0.0,0.0,0.0,0.0,0.0,0.0,0.0,0.0,0.0,0.0,0.0,0.0,0.0,0.0,0.0,0,0.0,0.0,0.0,0.0,0.0,0.0,0.0,0.0,0.0,0.0,0.0,0.0,0.0,0.0,0.0,0.0,0.0,0.0,0.0,0.0,0.0,0.0,0.0,0.0
bank credit dnipro,151307.90006,159018.94768,153357.9197,175321.99468,173655.69625,149120.40862,165978.37902,148244.42786,159188.47634000002,155004.32666,146207.60665,144676.58696000002,155550.73536999998,145838.88163999998,129763.07585000001,239921.15148,214811.61587,213074.56780999998,223269.60789,172172.88400000002,142972.85244,127647.61845000001,90684.13573999998,78497.47768,84582.00852,89808.89582,93228.76531,90270.15241,100161.48759,117190.55715000001,101660.30958,104838.00286000001,117962.76619,104403.64766999999,117345.2587,112419.24159,111485.42346,123901.61795999999,134697.40872,166020.22363,145234.61359999998,120903.88763,174890.52730999998,151211.31792,142181.51098,109908.88137,111036.51643999999,125679.24938,121428.01987999999,226971.13692,202982.97634,187756.20773,140072.4354,128144.74547999998,130852.42537,128414.48396000001,119212.10722,119124.41754000001,141325.50731000002,128131.13234,121762.65573,151323.67304,155242.60689
bank familny,2240.91279,9335.4509,8323.75372,2589.18382,1665.25296,1693.23036,1136.77562,429.40246,2697.0597700000003,2302.4793,2701.43492,1735.80037,1187.11598,1475.59671,2775.1148700000003,3483.4156099999996,3158.99669,2982.7759400000004,3756.3597999999997,6228.71792,8149.869280000001,3889.73303,3968.10236,3831.70794,6799.71732,7308.47238,7985.17998,8328.083250000001,7122.78343,6485.1361799999995,8364.38156,7968.24345,6313.7086899999995,6690.19566,7403.82095,7587.64528,7786.0864200000005,8125.718600000001,8081.503080000001,8148.96691,5494.03598,4589.64626,2689.6129,3227.16353,2192.3216,1333.5466099999999,3278.37963,2294.2916800000003,2627.5944600000003,8452.34586,1607.9915600000002,1169.05276,2403.02311,1305.10846,1941.4416600000002,1652.85226,1257.70121,1223.71441,1223.25576,1743.31926,2852.9567700000002,2092.92935,2867.1960400000003
bank for investments and savings,201773.32955,223494.48318,177981.11037,188078.20717,188674.21708,218261.51126,176646.87983,175331.92745,258716.42703999998,198977.34908,206063.12487,187144.33116,208598.08078999998,207624.4819,271800.82648,267618.24537,244341.4019,241329.00871999998,280090.45002000005,206011.04150999998,218498.44773,187293.32203,183734.27372,228632.0877,193930.25303000002,189565.96938000002,239731.65331,191249.54042,219463.13992000002,274571.62784000003,234744.40663,249350.45204,220000.39187999998,245492.34563,213322.26679,198783.35609,192590.66726000002,173253.07588,178811.28487,125491.9534,94552.45169,102115.43438,94648.34568,93417.68553,111905.71796000001,99327.35611000001,128841.13329000001,109977.87243999999,122730.53765,112431.68928,96433.03603,109480.49678999999,116332.92532,111432.76772,102041.50481,121370.13019999999,104049.08301999999,111937.5561,131203.41381,105958.30056,115835.15582999999,128597.57508000001,117150.00484000001
bank grant,23843.87706,34555.8383,29344.8309,45468.90467,45788.68195,36258.09629,35147.76752,38429.60922,33193.860049999996,27927.53053,37737.730330000006,34704.798440000006,27562.397920000003,32631.260499999997,29025.637089999997,62102.71915,35460.67729,48605.982509999994,83967.10748,48010.86623000001,58204.474859999995,75646.09777,36650.94211,66275.45673,94497.86033999998,83432.16318,63494.99686,88774.73107,66706.41604,76659.9324,67599.74590000001,75200.22245,93510.87878,103939.02283,50761.499149999996,120017.69204000001,142748.14039000002,127258.20786,98743.66607,100432.82436,91254.51852,103570.66519,81992.44079,95396.66372,84127.66924,110155.34201,117157.70412000001,113258.60714000001,117266.35730999999,109512.14102,90085.37591999999,104980.29433,91623.84324,80829.71161,84457.08872,93395.435,84162.64717,72713.55550999999,90820.23237,94941.17455,84509.99250000001,72029.75696999999,71748.22693
bank portal,11741.65663,8719.34497,8054.44861,30821.35665,41962.83008,60790.35518,13852.56538,25137.20716,26031.466780000002,25828.85732,25896.59024,25396.32302,25252.570170000003,26932.37749,46947.78091,56376.60089,55750.40047,51219.325079999995,53165.48029,58730.12156,51631.374189999995,53838.44092,45825.66874,44680.60107,46817.74371,40498.03962,47720.82478999999,34788.6317,35674.77427,40351.19842,33329.738620000004,33665.81751,35133.416679999995,35474.677469999995,30290.860520000002,37050.30968,29861.999169999996,36891.310359999996,42322.20213,42983.276509999996,41119.666699999994,37975.10556,35819.525089999996,42200.200359999995,7352.0079000000005,8030.42898,10491.87299,16818.98546,15044.71379,13486.74071,12339.50433,14560.19268,13034.89154,10029.349119999999,12671.15479,10154.88713,13347.8942,14013.76398,13226.23377,12596.851050000001,12753.61307,12134.40301,12862.9709
bank trust-capital,,,,,,,,9803.78845,15861.077080000001,12844.812789999998,15249.259559999999,10548.06615,11340.43844,8310.23833,12542.593780000001,11976.04765,13131.37369,10657.259549999999,11482.746589999999,72072.85537,75942.20063,84054.85985,19258.31642,44673.69813,23767.1776,30370.98202,27541.00832,28324.84871,17440.62294,17898.45115,14766.840219999998,17958.274170000004,14330.28209,23625.38392,15175.52478,17048.02284,37005.30018,26125.04186,29605.244280000003,34741.98242,27133.22032,25564.541929999996,24823.82806,31058.977450000002,37166.32353,33176.954209999996,59829.77580000001,37019.823879999996,32750.93803,34218.08607,32261.559050000003,33723.18539,31182.968459999996,30967.87975,19915.24339,31900.519669999998,24600.2572,27862.92119,15993.17763,23700.594979999998,23155.07919,14427.35992,12769.11703
bank ukrainian capital,,,,,,,,23582.84972,31458.768669999998,28710.38593,31405.61271,30706.76152,35775.56092,32205.020059999995,30071.299779999998,24971.93179,28482.083769999997,27436.32686,29896.209300000002,27635.930099999998,28059.016219999998,32680.911889999996,44055.196110000004,36134.68404,33025.23349,34515.41665000001,45164.11493,35924.059380000006,34019.02723,46464.59972,33607.78394,33913.46964,90546.27355,31472.95507,26197.74467,47216.19463,44598.31511,54137.760720000006,35323.04749,24005.49285,25781.509459999997,33441.7986,27786.34545,27217.881050000004,30504.40963,33204.67834,33166.60501,30461.83531,29645.92055,31479.867150000002,29051.625029999996,35802.49482,38122.53641,29113.04122,22073.42684,22897.10825,30656.53443,42414.0202,40737.59039,37855.07855,43600.20503,43334.28621,37240.35346
bank vostok,687082.62575,730000.06045,692380.79099,675509.75024,688190.37372,640385.88411,733943.49121,687175.65887,725731.41661,755172.18451,796905.51481,872355.74324,901348.85208,818485.0039299999,837659.50871,848122.62432,762122.14578,851475.6034700001,1058295.86286,929181.2929299999,847944.7526,1051334.85281,886297.08575,801436.51135,860246.58616,1016287.5172,1051191.66933,1190215.8823099998,1059568.66074,1057814.75387,1033943.8969299999,1131929.95535,1245544.88847,1308285.5767599999,1165357.65729,1324237.60575,1254547.2556599998,1262124.72657,693075.76357,643431.7889399999,738429.14913,911393.7310700001,778873.0365200001,964847.90378,780939.38574,1008465.24254,1068942.4825900001,965233.59691,1094493.1698199997,1273417.08105,1153629.7794299999,1086688.70728,1007625.79239,921855.4285800001,874802.4927399999,1047583.50227,1117941.14108,1110673.16754,1074842.42958,935967.59868,853499.69343,823202.6155200001,681667.14783
bta bank,11225.86002,10802.29482,11488.23999,9411.02758,8511.53697,8969.72556,8537.36957,7327.41216,9021.5453,9452.42934,11184.285179999999,10366.56263,9514.902810000001,11450.86187,9474.19476,16771.533219999998,16244.97157,13849.24835,12665.20745,13428.78118,16183.05419,19466.09891,16953.70139,17633.621140000003,13704.421,13199.339329999999,14980.420590000002,14446.576480000002,14234.94365,14555.880140000001,16332.358210000002,11943.961049999998,9573.497679999999,10667.82025,11040.24177,10327.82162,8812.37295,8799.622039999998,10233.69829,10117.17788,9383.36355,9411.32871,7207.05648,8807.99965,8171.957800000001,7527.122030000001,6918.428559999999,6732.99702,7147.00691,8674.285560000002,8879.32041,8800.11166,6580.47325,5218.691940000001,5474.07472,7241.49279,7621.343620000001,6098.0183099999995,4220.586109999999,4663.6627100000005,4815.35315,5994.162899999999,5217.33325
cb accordbank,231965.61796,328127.38849,302304.70902,320889.94106,268404.11149,324698.66654,321664.3328,326888.79785,402235.17978,353929.38275,387664.55264,358144.75109,327312.04008,424131.85833,387422.2512,421787.1851,462057.13689,519584.52853999997,566442.96762,570926.6725600001,656566.1767899999,729886.08017,631097.07261,604069.97459,522253.12282000005,595227.86125,699990.0867,756540.45364,630913.78762,765188.38984,746173.93366,695835.81056,784807.7911,809704.89591,754796.27599,1035915.6286299999,937702.95999,1411279.69781,1061626.93003,935383.2091699999,857291.1538399999,1034626.75543,1041527.17454,1028042.2809699998,1217631.7764700002,1402777.6745000002,1611087.9884699997,1409846.65182,1520309.31347,1978242.79254,1590540.40286,1734690.01089,1502141.2456200002,1572466.7410900001,1594577.17692,1839501.49868,1961183.74352,1628459.39882,1794633.52841,1828188.98412,1623509.14005,1818446.40722,2008211.64566
cb globus,74087.56356,69651.9735,68529.91929,76869.45938,65432.29117,71043.82554,57305.90907,105354.23984,66775.31576999999,82621.58080000001,76856.07271,64759.749209999994,76962.41092,114930.94768,96352.35115999999,89330.15667000001,90810.13612999998,88092.1584,100443.59883,95536.50778,76963.19448,125993.43006000001,80161.76069,106029.08638,122538.60872,127916.06557,147575.84141000002,157577.60063,112097.82307,160438.65417,155744.38530999998,139629.89028,138114.59451999998,136572.90782999998,122650.87328999999,114520.03112,108672.63017,158630.2308,144127.62853000002,136742.22470000002,115008.84743000001,145819.38113000002,136509.52251,143293.95234999998,150690.90185,239561.17089,211247.42099,222064.70281,223455.37048,293952.91103,265411.09643,254882.91475,299715.43018,283567.9408,204046.9047,219307.91494,214991.94982,190615.43445,197810.54766,219933.81704,161439.78885,202037.28225000002,248410.44918
cb privatbank,16117359.58207,12969214.79232,13721778.95533,13720224.45991,20201883.85073,14583284.80612,18389397.23806,16716795.75814,17070691.64403,16596134.233919999,16692544.159839999,16154757.35887,19721856.92603,17402818.819700003,17932185.4881,20300102.68781,21542013.784989998,21470336.24112,19865523.742149998,20493765.809869997,20614270.73004,20203523.913739998,18274682.537860002,18148714.01106,20987764.9489,16917159.40764,16882006.179309998,17791529.55646,19482848.11949,18134730.19406,18539886.69325,18093311.871409997,19113340.52566,18788666.698510002,16617621.63233,20067660.92821,21027248.35084,19544523.64244,14775679.697449999,24637308.06503,20462498.59388,22310500.37649,20844772.82526,20142913.77936,22028891.91301,32749495.6114,22876318.27043,25695166.58514,25069955.81105,26927620.22912,26041998.065619998,24099711.214019995,23090644.123630002,24420512.58716,26739817.93754,22194591.59164,23690611.92565,22338101.670919996,23055447.15045,24707922.54076,25840711.517359998,32115926.01901,28749037.026860002
citibank,14329.85086,13795.33857,9740.69784,9460.15744,15580.40131,16647.74549,14151.08063,13787.88986,11373.44211,9928.32286,14165.27348,15764.85517,12860.82298,11004.946090000001,14046.37555,12601.542200000002,15320.630770000002,14898.10762,12806.582670000002,13010.759160000001,12822.98864,10530.80573,10581.461580000001,9624.12582,0.0,0.0,0.0,0.0,0.0,0.0,0.0,0.0,0.0,0.0,0.0,0.0,0.0,4242.8205,0,0.0,0.0,0.0,0.0,0.0,0.0,0.0,0.0,0.0,0.0,0.0,0.0,0.0,0.0,0.0,0.0,0.0,0.0,0.0,0.0,0.0,0.0,0.0,0.0
clearing house,44922.64583,42320.52752,42406.80064,38774.35807,38584.28639,42603.77624,43871.14619,43422.22332,54922.628099999994,45064.72543,48840.024280000005,43477.807400000005,66769.79222,57729.114590000005,60004.87382,64835.1217,55270.25441,102023.25464,98505.05154999999,83126.2397,101542.33925,101069.89232999999,91983.79898,97852.82939,110391.16683,108241.13926999999,100670.28719999999,113385.51644,101903.86666,121340.21397000001,152279.05335,131660.92064,139088.642,137865.09897,128130.66372999999,151429.87998,147796.96746,151462.40236,127854.64920000001,102006.81954000001,55452.1757,68298.15943,113178.5894,142792.37164,122676.30165,139340.49928,206307.00001,198718.18184,226211.22555,154526.78952,169094.9589,192069.64482000002,149755.29613,188400.3948,182080.5492,177255.37832000002,124685.12127,149924.98173,160744.10205000002,119634.25112,96690.69024999999,108407.57289999998,129324.23532
cominvestbank,91916.64426,71110.56592,74050.30537,85323.43531,93765.56597,82858.7027,82462.47973,79923.85279,83675.11514000001,73000.62699,68236.53139999999,68565.58969,72349.55178,73049.62142,81634.2529,79146.03618,60408.96917,74304.06886,90018.84629,87195.93227,105179.50826,92067.05666,81320.21153,95557.60428,63864.680660000005,103204.68143,99121.76242000001,85151.33019,90139.22959999999,106862.20311,110473.42804,111214.99681,139122.48965,141394.1957,116988.50659,90524.34906000001,99457.2619,146285.59906,94669.27063,159655.60375,114678.65584,146576.95401000002,110739.89377000001,99354.88382,135892.27819,97532.15177,85423.82479,95929.25181000002,81194.24538,94544.84546,110764.12201,71320.04666,82806.51434,78613.76065,92974.39491999999,99649.53444,82862.07761,78140.19137,100017.90749,120813.05318,84023.68379000001,100620.68486000001,99453.10755
credit agricole bank,554143.99309,606059.3671,595659.82316,594596.75254,828062.69458,672039.30727,726630.35781,663068.90346,745174.88831,664251.08467,653806.19097,624070.1553100001,667129.84299,672963.36409,716705.6247200001,855686.82489,933451.45332,900734.0875,838389.9998699999,1055290.3091799999,968325.5487599999,1008769.6381099999,1142364.53015,981879.21467,1099861.8926199998,1220353.0180900001,1107608.55885,956255.92012,1239946.62034,1131833.1322700002,1001286.6891900001,1189139.8392999999,1246962.31717,1170995.33013,1125650.7818999998,1249230.8529100001,1104845.9783599998,1347018.4033400002,1135173.8475,1490407.36363,1529021.42394,1468747.5529600002,1289393.9358,1290441.8879,1174710.28894,1252530.2499300002,1198877.90305,1313059.7910699998,1285648.73187,1483174.46301,1480989.8758399999,1488739.02339,1284103.20084,1580375.10665,1604455.92203,1493514.2400999998,1434444.19072,1387574.73763,1294808.64447,1660368.5560499998,1325722.72902,2066372.46435,1758318.16243
credit europe bank,2147.31901,2918.37006,2433.75162,2485.41558,1814.95971,1609.57567,2067.07565,1977.10347,2029.7594399999998,1986.0043300000002,3129.1913,2777.4620600000003,1355.0200699999998,2166.35408,3202.5384700000004,3992.65651,2760.08064,1746.81117,2447.6361500000003,2860.16655,4174.27248,1354.32881,2747.36191,861.00355,2338.0134800000005,2709.29076,8186.308,2570.71153,5661.703799999999,2728.9025,2506.5567,3686.17653,5888.84615,1799.92463,2627.95803,1585.73499,1895.15228,926.55298,2890.41727,2876.97752,2833.36438,2565.84402,2356.633,4209.062290000001,3303.58493,758.5782300000001,2949.91217,907.71699,715.89148,2585.2577300000003,6757.99329,2653.11144,3588.3444400000003,3260.23943,3155.6746799999996,4069.351,4471.66148,4573.4882800000005,2247.5496399999997,1787.27473,3355.74271,2595.60796,2420.93923
creditwest bank,15863.49198,18579.4183,13008.63188,17333.1328,11661.96627,16478.93811,21143.94567,18416.54251,17581.26919,16458.884939999996,24373.30175,18820.15473,19064.94417,24185.32965,20645.17821,21446.24584,24977.389860000003,18720.86737,18522.582829999996,20534.915820000002,12654.41923,22615.01659,22074.06603,15610.69098,20041.227890000002,15583.159500000002,22079.58571,26732.601459999998,20297.96315,28451.83612,23752.11401,23419.49181,24335.73307,16735.248089999997,22469.37076,15936.71788,28179.125490000002,22764.83507,11819.257099999999,470.9589199999999,4439.605710000001,6841.552999999999,3704.84397,9754.99943,12703.936450000001,17428.0754,20911.29911,19218.96308,20172.257410000002,21280.371090000004,19366.11673,25650.97833,23305.32945,17982.48413,18369.570060000002,23609.5866,26429.36123,35998.66523,29275.592949999995,24135.45779,11347.42767,42621.5902,34413.83483
crystalbank,120246.73756,177122.87237,122814.80457,86876.66654,81256.54145,107483.77344,131940.17783,140724.25288,171982.55717000001,196793.204,221572.99151000002,136472.97619,270778.65122,204149.36853,256598.30067000003,119650.95945,116353.42091000002,204177.04097,194606.29067,254603.61901,197960.38633,358980.25786,281986.90066999994,254114.91895,246097.14375000002,298622.06188,300397.969,301839.31674999994,351442.00112,298937.56855,322665.86327000003,345160.65328,285251.26508,382225.16264,291373.84049000003,276115.45339000004,349084.06846000004,300223.97119,233271.09464999998,67901.56139,72643.76111,88854.97941,65246.059,74354.35003,123858.02398999999,135598.38919000002,95988.73916,96548.82713,96080.48013999999,95337.50473,108709.02480000001,90007.01204,93562.34558,75837.26077,89758.92855000001,101263.05303000001,100114.24913,105986.52068999999,106506.28219000001,115999.66657999999,128465.91144000001,145741.61291999999,161689.21144
deutsche bank dbu,564.62816,539.17315,763.40513,635.03799,573.51451,458.93603,412.59355,351.1547,318.23744,1224.4973400000001,1211.71434,1135.60934,1119.24729,1098.5159800000001,1005.99891,955.5860599999999,872.71161,852.4884500000001,828.7971699999999,1439.6711500000001,1413.0832500000001,1391.7149499999998,1366.0830500000002,1350.42131,1336.6168100000002,1295.2475100000001,1263.8288499999999,1204.4358800000002,979.3986000000001,973.92151,934.87666,926.88029,922.06428,892.05765,846.7930299999999,817.74746,822.8202200000001,843.2720300000001,3645.78951,3635.30452,3601.27982,3615.90612,3602.9051600000003,1214.34785,1169.76404,1159.1097700000003,1130.64572,1154.90687,47912.28098,48995.76966,47439.41064,48860.46641,49546.46403,48252.06704,49106.898890000004,49397.28987,48829.33946,47329.6883,47339.516110000004,48997.091830000005,68607.81061,1061.22922,1063.8638600000002
eib,,,,,,,,8720.73496,7776.65265,10132.47972,6855.64866,4723.31137,3952.1806,4466.66135,5670.40086,11686.537569999999,19029.29155,24531.30699,12111.68339,10726.81402,17500.73243,13669.80486,11910.86855,7325.81366,9821.41749,14003.21292,30327.601800000004,10594.8843,11313.40437,15691.321609999999,13240.562600000001,24432.074729999997,31097.771129999997,25728.24724,25065.9665,37964.97238,32711.536119999997,41991.83362,34403.065420000006,6366.246540000001,9432.44973,6471.156730000001,8455.86136,8561.17749,11249.994069999999,17833.269299999996,15128.77619,22463.13882,22012.616019999998,16251.18096,15203.902580000002,12879.67053,10320.501119999999,13792.287250000001,16884.58489,18221.993339999997,16132.984230000002,14268.464030000001,13009.413729999998,14205.013340000001,8961.30114,12257.35516,10008.305719999998
first investment bank,61003.18464,71174.37407,72363.80778,52846.92405,46051.56587,50967.14613,57490.95559,62849.14015,65145.22694,71356.35404,63594.16973,68365.90239,66911.53902,71884.83633,75043.91621,71408.82005000001,69582.66612,75824.14426,72230.4613,76717.94660000001,92185.76516,123639.53133999999,93364.08026999999,90846.62846,94053.26586000001,93186.48274,126141.20104,146867.84310000003,160629.2345,204266.81984,241213.49465999997,257103.98799,286109.83021,204135.37644000002,312760.89943,203210.41128000003,211063.16782000003,195075.31767000002,295124.06956999993,284977.45053,201505.09789,65827.49893,50473.78062,53489.1999,44419.49635,44199.841870000004,38715.08068,45252.543750000004,36234.617790000004,42203.697980000004,38272.39873,33972.07506,46959.4963,36924.75226,33244.36159,33464.52062,28506.889059999998,32943.30725,34025.52903,36018.071169999996,33765.76796,37306.175180000006,33993.64253999999
fuib,1943214.8139,1538568.26266,1380152.73661,1566010.25997,1452861.13721,1487594.39513,1567861.74301,1316993.78618,1559652.19095,1542914.67165,1588867.96733,1521736.5285,2444066.9358300003,1599977.80481,1765600.2587000001,1679366.42224,1533348.7479400001,1707520.84573,1876978.4163600001,1909460.22285,2190782.9380200002,2488227.7416899996,2851427.5880699996,2932938.1169100003,2463902.3651099997,2280752.04476,2109911.46873,2104565.6853199997,2033831.3301600001,2176337.2531200005,2090163.3474600003,2316458.99063,2957624.43168,2775277.05162,2595660.4453999996,3347606.83723,2657384.49224,2757894.6041299994,1888738.29705,1867459.4214499998,1786293.7926,1389552.70364,1766091.02878,2363020.85754,1788297.43589,2798586.35548,2559682.88076,2231935.9804799994,2474269.0318,2113731.2572700004,2610354.71377,2118188.8628599998,2262584.4206000003,2350284.63163,1968073.48621,2200744.1377999997,2412061.3774900003,1949162.39433,2248344.4198899996,2453546.5764399995,2886362.6725,3632521.63648,2429855.10667
ibox bank,136312.7081,50906.10552,53183.76278,43584.97276,36991.30064,49452.76536,38215.72926,38650.80049,60952.826010000004,67305.53456,48809.57085999999,43713.228950000004,258164.34126999998,79604.72978,37104.0881,40223.13074,43229.39297,63869.75060000001,134798.55017,112542.21703,124281.39528,251819.54572999998,156710.4891,225919.82172,248322.79220999999,301738.92254,341497.77972,289556.73079999996,323649.44480999996,632324.4909499999,275117.06782,708991.64008,635674.83446,1351995.0434399997,708739.98922,763982.7929400001,685559.4649199999,190683.16138,243165.97064,96903.27764,89601.76739,126630.66245,333854.02121,333685.05367,378811.33999999997,566772.55122,815147.90053,975770.75281,1372934.52142,1864652.4048000001,,,,,,,,,,,,,
idea bank,73837.31647,81259.78737,66602.47867,73042.10109,76269.94491,84851.83515,83896.79756,71539.04061,78423.64452000002,80454.10599,70344.08074,81267.24548999999,75883.1091,76379.93198,68324.07183000002,61387.362539999995,66110.15232,63667.7443,67172.33966000001,71535.31434999999,69012.70777000001,66861.43352,79415.01521000001,73274.57085999999,69974.34559999999,76835.55881,75820.36133,72944.92017,84871.89649,81680.34861999999,78148.04676,81957.07484,81489.149,74988.61462,79624.01368999999,80944.31293,77044.8438,72142.63450999999,37278.05794,45549.241720000005,52758.11123,59128.53158,49618.87983,52373.82584,72219.44575,73690.07505,61425.05525,67414.46956,65043.72670000001,74075.2434,66860.36016,71233.96987,63309.05014000001,73588.58800999999,78825.44405,83204.68131,79851.30868999999,89896.59193,84321.05262999999,82969.23671,64220.54546000001,82982.84096,84848.35266
iib,130532.56102,164328.58729,158131.67284,86736.71985,117849.37564,187715.57324,170100.93441,142388.75733,111410.14405999999,95917.45209,69080.08846,62160.69768,99243.45022,114717.08358999998,82399.47481999999,106793.56466999999,93285.36716000001,86159.51447000001,107899.49141000002,129421.91871,111510.25601,153780.11479999998,146072.12525,177559.43790000002,174952.62645,161069.24616,114143.05364,150720.38444,144276.09628,127168.04221999999,132697.56081,143508.92432,132400.79499,108695.91901,139100.43569,167723.35834,178630.89485999997,177487.18912000002,120364.227,186259.32519,182502.46632,162229.25835000002,153586.45909999998,193488.70138,159895.02656,199481.05032,166811.19158,176681.06554,178508.63859,187891.99646,142545.04498,111259.2553,110281.11293,123403.65399,103192.89779999999,114382.31359,130577.43278999999,116456.56442000001,106962.67224,119164.70881000001,121035.64352000001,171232.69888,141610.40329000002
ing bank ukraine,35563.99679,32662.9902,30653.64872,24724.37758,22502.12141,31338.09316,29559.88401,27668.89102,20873.529339999997,18540.8756,17754.694,15291.494460000002,14128.31447,13564.437569999998,9770.241479999999,35692.24423,34239.442330000005,33679.475099999996,33375.62431,33849.03753,33289.43585,33429.21268,32995.732189999995,32518.02764,0.0,0.0,0.0,0.0,0.0,0.0,0.0,0.0,0.0,0.0,0.0,0.0,0.0,0.0,0,0.0,0.0,0.0,0.0,0.0,0.0,0.0,0.0,0.0,0.0,0.0,0.0,0.0,0.0,0.0,0.0,0.0,0.0,0.0,0.0,0.0,0.0,0.0,0.0
kredobank,467283.91203,664235.04739,605417.0259,480396.19548,678465.33141,666292.27252,684788.51148,677291.06139,728915.34415,686951.3951399999,735439.33005,722412.1951199999,563204.176,657909.30185,730962.52986,633605.5678,643081.72348,672353.5989,752381.2460500001,691156.46143,641210.22583,598498.5025299999,623664.71143,687234.97109,649423.3270899999,693215.68612,713857.5270400001,743779.6988499999,730835.43896,733649.52938,673424.5263200001,683249.72886,765120.9492299999,776350.5652500001,716002.8338100001,691052.62447,834992.66661,800157.7783499999,948422.64098,946298.7719099999,987929.5298899999,931031.8096,810570.5789999999,1421035.87263,810295.08871,1393234.4927100001,1191825.00781,1465153.62637,1124966.52236,1378837.2456500002,1353112.5808599999,1295841.51381,1144240.85651,1290229.97725,1140396.1347899998,1273889.39903,1114102.10693,1506555.1429299999,1628783.88678,1316851.65336,1375498.0527899999,1756309.0138,1996998.63212
metabank,30114.27002,34111.06662,30631.55357,27734.60151,32121.7789,26276.45821,32693.0737,28301.17689,27332.448419999997,29919.51478,33096.815800000004,30411.70822,36664.605129999996,29525.017480000002,29384.5053,27576.322640000002,32335.99282,26102.563589999998,26663.74661,25861.80712,33881.69773,33609.732,32267.245250000004,38363.79933,42275.81018,35018.37493,30288.443900000002,31600.71671,42603.1962,32422.393,25996.30633,40273.524600000004,43716.47291,65603.55738,63120.77636,65392.31657,35465.67982,36790.059810000006,19752.01156,16137.71226,15465.79722,14950.291529999999,15142.04353,25787.56133,21685.19599,21103.79275,22145.7634,19321.979049999998,20490.82414,17160.184220000003,13508.64767,18126.8955,19140.56669,14609.70408,12846.01109,16310.846399999999,15312.521619999998,14829.9034,14199.440129999999,14230.25458,18762.80284,20796.96258,21318.46287
motor-bank,78146.58294,95442.39413,93919.55677,92331.45144,78137.27779,102516.06236,81627.23417,94971.1454,136182.60792,92391.09367,86436.50615,103171.21406,80239.35141,84420.14107,87172.88245,91340.83391,88541.82209999999,102518.74395999999,123493.70092999999,108942.9497,120004.06544,127513.01030000001,136619.5329,167689.76807000002,165117.35754,159608.26477,190153.22723,196696.18815,174716.84515,187706.19461,206431.91815,171128.24802,171099.18378999998,149963.00557,140264.14166999998,167145.40495,136887.99951999998,152763.43398,96573.76008,79799.87664,83816.58647000001,90956.87734,78298.77474,92422.96877,110627.49782,117852.28444,96229.27213,101671.14272,156676.98754,161070.6464,126276.52053,128239.54200999998,116949.81095,97803.94455000001,49537.1144,68866.37614,69707.31009,61225.30174,63728.22354,54678.73851,34424.43574,51709.17953,47451.788870000004
mtb bank,183099.23115,275318.99517,275942.06004,223744.45607,305558.41552,249790.61542,325230.74816,243829.97752,243828.37211,229117.36328000002,272442.39023,236869.75438999996,274941.8531,289653.82933,281147.88784999994,319073.44976,321991.53692,294582.09525,332005.62763,366281.96194999997,369494.22116,332070.51709000004,425573.70745000005,485210.48509,376902.94103,397917.73953,366400.99402,429747.38193,444101.25352,465599.43145,406040.8823,421336.37111999997,462408.22119999997,438705.0924,426273.42894,459380.98372,371619.4907,463813.88323,349309.30879,293659.25188,220105.82859,245321.27103,347942.78286000004,337091.00448000006,341125.32794000005,420464.15661,405013.23232000007,309638.24387,310958.12228,403298.65439000004,367928.63204,412195.68049999996,392527.47899,373254.94439,459991.48028,452555.67243,408342.5538,397654.82808,403014.55327,402434.68785,284701.74213,435587.67595999996,492875.25506
okci bank,32574.64436,45370.36323,30575.13251,28990.5387,28140.8966,41017.61468,43123.24414,30615.56361,27390.54433,51651.90623,35454.348920000004,30711.74039,42487.983049999995,45309.706829999996,39327.58493,24371.2765,23224.349150000002,42810.26198,47026.440729999995,43027.705319999994,33004.75437,31558.541680000002,34914.32177,51111.860649999995,61584.57489999999,69079.81947999999,69704.1017,80268.76520000001,57231.91494,92226.67997,107234.29771,70260.74611,87890.33656999998,103985.71662,97372.80903,111981.08993,83351.48337999999,106431.68075,94070.71952999999,111818.17704,85352.89263,105636.36811000001,99576.50931,86831.29941,84845.25336999999,212211.41659,68317.87008000001,90384.50907,54666.169519999996,82528.35702,57284.84495,46149.97212,44938.521649999995,71822.66947,63646.52943,61857.26565,51087.53966,49346.58477,57493.72458000001,63285.1526,46145.02029000001,46868.782660000004,54692.900050000004
oschadbank,5667991.35661,5472185.09305,5410141.29406,5475419.86862,7386345.60524,5678704.03717,5013112.93591,6099496.12852,6166311.004470001,6293763.72585,6676530.88989,5638743.38421,7377787.170000001,6211419.2745199995,6050090.09808,8390289.14145,7335194.33477,6776593.879629999,7777918.87813,7092484.97922,8645564.32236,8593498.72012,8440906.65997,10204543.88979,10793959.20548,10157828.091049999,10637493.7543,10675527.16571,10563627.36013,10481296.94244,10006453.05126,10000808.02677,10439610.72068,10160744.867239999,10391864.868040001,11793232.782750001,10850521.51471,10619151.374090001,10400332.682529999,13861140.74789,12108511.68083,12251626.5764,10939695.373039998,9318978.68058,13468407.12854,13760659.1288,12101541.99291,10956202.357549999,12080595.844470002,16382285.448499998,16810054.937400002,14552654.05557,11375182.07509,12637685.89504,13559240.290450001,16494548.229629999,12343429.050210001,11737524.343009999,13667648.66037,14717540.54296,12540682.830270002,14015305.48316,15804858.725580001
otp bank,733150.34611,986264.13368,966922.90854,969665.10613,1115077.96438,1024119.81272,1120297.14238,1037357.13049,1079256.4177599999,957232.25338,1046364.8329100001,1096941.05335,990206.6662,1037478.60786,879453.1232799999,1230954.83199,1318345.65226,1524569.5850900002,1544777.0949199998,1487170.57471,1413460.52774,1456496.32963,1275825.8955700002,1356013.29719,1225479.81819,1372333.73087,1512194.2020699999,1696000.03122,1381819.89693,1420988.19353,1534000.17003,1352230.48034,1470603.62851,1482793.3017,1402381.6538500001,1431089.18173,1261374.86528,1380513.0990600002,1186260.64542,2422779.58412,1941280.3983,1407426.5679700002,1136182.21544,924593.5011999999,1001173.4098400001,1572643.0974599998,1077860.55064,1068307.8927799999,942691.9506199999,1257259.6537700002,1134320.9491,1066432.8235499999,1093337.35511,1140637.40187,1154873.08079,1535228.72386,1238711.2788300002,1158779.0498199998,1213170.7701,1159760.01851,831399.24509,1270257.40506,1295139.22027
piraeus bank icb,93333.33675,107988.56933,102383.33671,95636.5603,110353.47146,106093.70318,112456.41593,107035.30623,91159.29195999999,113730.7993,124737.66449,99779.09167,91524.67917999999,108352.19591999998,102470.58958,197246.23464,201703.2162,144553.66605,108344.84728000002,77994.42487999999,55379.64171,60919.94799,63236.25612,64180.55154999999,67655.19624,76655.02471,74759.50296,67079.52409,73840.60981000001,78723.77928,70462.83771,82124.94613999999,83552.55782999999,78353.13003999999,68513.22776000001,93771.55533000002,63733.24954999999,85732.04808,59664.903170000005,47516.38862,22103.9128,36140.31464,50896.910489999995,45836.643840000004,62744.39037000001,70474.74364000002,61168.531,68184.57654,65323.640569999996,94284.24928999999,81456.06796,81305.55643,95658.71859,82580.26359999999,84558.32757000001,79352.52205,81246.12873999999,81235.79906,82634.33085,83450.68903000001,124628.12193,132182.52071,94871.71113
pivdennyi bank,1045653.76319,1134616.44289,1238184.81706,1152949.20274,1386801.41631,1272169.42304,1136543.11956,1348721.46626,1348043.01855,1351344.8473399999,1474177.97973,1055114.6055100001,1510118.4809,1373562.07528,1342327.77368,1990951.72884,2397318.80173,2256752.06332,2224258.1277500005,2050642.6943,1852463.93447,2140504.52576,1541135.68203,1705134.9441,1755703.4678,1904300.8087600002,1840320.5102900001,2173587.2729,2271496.78778,2123612.4023399996,1711045.1957800002,2151884.1225199997,2096206.31585,1895019.22939,1837794.51875,2165690.2156599998,2586321.64608,2099014.61633,1166432.00686,1257503.27816,797121.29043,1159037.96882,1444631.2278,1532075.56519,1121591.2607700003,1821247.59181,1397202.5705199998,1493648.1804499999,1682552.71655,1670170.58443,1942087.2841999999,1841980.14437,1951419.1154099999,1747947.2637,1763888.6518899999,1771834.675,1350528.00054,1827165.48383,1642186.5917,1791804.4382999998,1409319.9543400002,2832722.47457,2579393.3708099998
policombank,40942.62202,58571.56757,67275.36628,45721.31542,56065.3457,53113.15004,39587.27459,48660.32869,55084.67752999999,57889.66879,58135.60694,59342.35966,63625.77492999999,80775.06883,63356.60566,73149.07277,62501.344529999995,64092.83793,63372.47605999999,62151.58697,64729.888,70265.05374,65015.01401,65294.66085,60262.24378,67337.36623999999,61891.279650000004,75453.83029,69800.99783,59906.14823,69533.75574000001,72961.22685,88643.2335,85106.50013,66914.06418,104924.58473,91861.29196,68106.4934,â€¦,19506.777729999998,18614.3547,39258.99364,40102.380359999996,33831.71322,39577.25511,39708.47281,40397.44763,36014.94519,31158.91182,55056.66356,52304.66314999999,56337.313180000005,61707.899639999996,54083.8385,39687.40449000001,40278.10324,50490.75040999999,42100.2844,62464.16265,46328.05174000001,35186.28556999999,51276.06788,47844.966720000004
poltava-bank,81198.57139,92520.64271,87948.04036,70422.471,103129.13734,68439.20234,72084.63328,81384.75956,85320.65229999999,69418.6507,77130.20397,70065.82165,64349.04959000001,82753.62312,71042.59332000001,80976.50939,95003.17082999999,86665.49313999999,95443.61552999998,71119.52604,94027.24807999999,95680.64119,99028.22634000001,93638.74401000001,106442.06175,97728.53184,112643.58041,97400.07287,112246.6247,103992.95000000001,94277.75758,105541.60531000001,118247.66894,99935.58753,101977.55743,96540.86802000001,74565.34495,114049.48935999999,40958.49925,81156.76004000001,70499.67692999999,86059.2493,110264.09704,127043.09158,147835.08277,130518.80348,112490.13781,116633.27917000001,121747.61549,153142.63061999998,116710.09468,128605.02759000003,126318.09737999999,117415.84394,134153.95785,118822.33826,120432.83962,117076.35332000001,126905.84903999999,104010.73056000001,105261.28325,125089.147,134091.37675
pravex bank,,,,,,,,267288.90927,286992.82225,314020.85657999996,313445.92405000003,317655.45151000004,415468.03221,385664.7616,331494.61273999995,438234.33426,331189.90527,318580.77756,351444.05289,312287.60623,312593.90283,364900.01228,306794.77116999996,295066.134,320246.7043,328737.47908,354050.51392,366461.10358,350192.37325999996,289310.98143,280957.97800999996,288663.82597,301537.19295999996,314935.03452,258853.71018,276883.83997,259247.21124,238036.82916000002,200053.7695,235784.40211999998,228990.9507,246013.44548999998,217065.58798,220263.47333,196010.06968000002,179334.36304,156832.06355999998,161530.01698,152166.30956,161400.50352,136836.55072,140137.64359,143821.99233,151989.11537999997,142949.32899,160004.18561999997,172467.59668,135294.99958,151762.75637000002,151085.79978,131527.51465,149391.38890999998,145546.53397999998
procredit bank,209905.19214,214172.97344,200282.8916,182254.13687,202672.96863,208037.48015,136491.99783,129848.56879,124117.84131999999,133299.06342999998,128243.89906,151826.73932,152496.38953,137911.49962,205732.45981,264054.9464,185404.88108,143544.24935,158709.90035,167230.53234,128004.10951000001,144957.37823000003,147821.12198,157345.88538999998,162417.68433,133687.96014,166510.63932,157547.48692,155842.4287,152880.52870999998,155519.82196,141952.28347,172574.36010999998,159427.02889999998,163114.09928,144487.21456,126790.93202,185725.80781,202219.01975,73853.37121000001,89417.21432,96228.07982,108696.88966999999,151311.41968,139982.68678,149958.45118,161341.26702,162259.02773,214737.32669999998,304670.29594000004,308690.51642,322474.74128,329476.88131,322732.41697,315303.43915,324855.40314,319905.03358,326291.26847999997,281302.98759,199760.00650999998,212524.83591999998,212751.53162,188695.25908
radabank,45001.49322,68923.88284,83590.44678,67016.99618,69858.13782,76180.5769,82679.57725,65724.21257,83323.0512,79578.48002,98994.80466,84723.57571,103130.8259,109718.37845999999,117494.02445000001,261868.3237,252812.98314000003,297078.90542,283143.66316999996,359731.7884,358770.08043000003,314054.77043,316823.02788999997,431645.03125,408166.57306,278087.80100000004,327781.48107000004,353314.70288000006,341138.64475000004,406509.33691,377033.23227,388300.60477999994,462958.13448,346268.12853,379080.44169999997,348708.75788,572630.89122,323695.97099999996,290163.48075999995,105451.35001,87070.34934,107034.25872,108223.81089,134105.71973,191957.26244000002,145043.36685000002,139691.88896,190617.68628999998,152480.4714,178097.50835,193768.62541000004,155647.42082,171771.65386999998,186524.30096,164166.22945,163369.86927,195595.83718,191926.25105,256138.28389000002,260759.90418999997,175653.73646000001,225178.99980999998,277317.12158
raiffeisen bank,6770026.37868,4654310.55508,4225276.00818,4985372.1734,7226636.96476,4919103.26925,6417633.85097,5284090.76006,5220558.89149,5013650.6993,5315086.112310001,4426601.34327,6649101.88519,5205580.706619999,5328739.30561,7502581.0756,5519979.347359999,7078850.72853,7467775.5724,6999418.5934500005,6618247.42059,7820578.53837,7238700.3752500005,8297547.3655,10667106.738850001,8712975.910670001,10368779.99696,9348291.66939,10446382.76038,10412166.559080001,12290007.46536,11327119.43237,12499132.12369,12099251.14045,9502929.463709999,8704742.27201,10600311.16231,10812736.67853,11075689.86773,13342759.064669998,10832950.96246,8533273.40651,7799200.03357,7895124.635919999,6609238.70714,8542108.1866,9706086.48151,10723935.83352,8146668.394409999,8973755.8369,9495467.38953,7534896.58245,8879055.74532,9291292.919769999,8639425.2476,7684209.6137999995,8020432.9571899995,7381121.48605,9324031.597289998,10009969.154620001,14342098.66902,13902362.807850001,9116482.841049999
rws bank,215435.27515,106630.46192,52010.16943,86248.13802,46693.92371,53924.79107,116278.05283,68325.92256,190078.97350000002,132234.03472000003,97127.43874,100513.54979,183633.47406,105251.48312,103161.17954000001,130740.70620999999,132965.49311,95552.45266,194431.92805000002,148959.57802000002,150445.9201,193658.24195999998,177563.26166000002,155296.76448,133331.60468,140133.86528,175052.89994,147660.31242,195044.37519999998,154632.19516,266840.54075,307285.70216,222341.54614,230417.94722,197066.22948,193040.52365999998,202335.90641,227922.83643000002,168073.73333000002,152139.11463,124006.42949,144348.04135,83521.79721,122943.43692000001,102509.59066999999,138616.81513,120471.53653000001,138762.18892999997,104396.44046999999,151772.18826,156970.17714999997,171809.86828,152452.36735000001,141840.10084,157250.55233,176322.85937,263041.73417000007,186166.58954000002,160810.79181000002,167328.1852,165037.25271,199765.87856999997,182321.36326
seb corporate bank,5484.3906,5449.77292,2536.4252,2330.33673,2678.631,3508.88966,5702.27973,6186.93405,2621.42968,2976.6175700000003,2599.48377,2803.86883,2951.74065,3017.67651,2902.58649,2981.3750099999997,2911.48074,2767.4670300000002,2772.6760600000002,2792.70557,2885.69352,2776.0052800000003,2745.94132,3884.4670699999997,4617.841869999999,4606.88477,4450.05298,4369.4277600000005,4369.66482,4158.912490000001,5511.973599999999,5866.57432,5783.517529999999,4798.3828300000005,4761.736669999999,5324.2474,5026.77263,5127.045819999999,5139.64628,5132.88837,5110.958390000001,5120.3855,5112.00597,5468.1616699999995,5464.23351,5451.582800000001,5461.38182,5478.99441,5490.73614,52309.230200000005,52294.61714,52308.13295,52314.657549999996,52302.3464,52310.66702,5505.83661,5500.430060000001,5486.15426,5478.36765,5494.85069,5583.31623,5566.150130000001,5581.5517899999995
sense bank,1078305.02904,1024404.04265,1034642.7326,1003060.96349,1083823.24074,812680.22339,852207.97312,927746.98553,967037.9187500001,827757.5014399999,2049157.7846199998,2001197.16886,2912148.18801,2111997.62606,1967868.3251699999,4040649.5253100004,4133143.11247,2883252.5764499996,3073510.50166,3347318.1945599997,3715352.48418,2952873.52329,2644705.5080600004,3779875.5243699998,5085092.503199999,4436579.205809999,4300839.66396,5552293.5913,5273566.3184,4810750.98836,5179949.69381,5091340.16057,4627953.8693699995,4863597.16967,4336089.77581,4982629.5472,5025757.57231,5131825.90682,5786822.87532,5491991.95538,2568722.7375,2153073.43636,2075330.46431,2366880.5082500004,2477184.56884,2590564.45565,2558682.71182,2243806.2001199997,2157144.96933,2107378.44191,1974710.9064299997,1592822.1859499998,1847593.6431,1798933.63521,2046607.74785,2174780.19575,1985813.2662799999,2035203.7682,2264671.4866700005,2477477.84615,2878288.21349,3678182.22017,3798898.4411299997
sky bank,10127.61802,13697.16667,11749.07697,11354.72613,11153.6552,15254.62991,14828.48245,12923.05188,14223.465600000001,12375.66761,11708.337300000001,12103.49623,8610.75475,15231.91065,13816.68713,25746.18445,14088.13643,17940.88117,30104.065939999997,21733.3687,21631.191619999998,18105.59698,22408.78891,25173.70629,42857.52067,42112.067109999996,46300.11819,49616.5824,47879.040100000006,45030.06963,72952.44828,57975.204359999996,85005.22979,59100.048,52596.49941,47197.943199999994,47905.03373,64777.37132,49472.35147,40137.62412,32350.096190000004,28049.10369,24760.5387,48557.4915,64253.967130000005,50353.005789999996,45693.349519999996,48961.257190000004,38263.337960000004,44865.203120000006,36895.47956,42072.25769,39559.41337,37237.0155,39040.38683,31290.68358,49928.591080000006,51942.691620000005,48448.46241000001,36372.63354,37443.86183,47627.81552,53664.76975000001
tascombank,479956.86682,639173.67408,554212.75402,512525.73861,484590.07725,534332.96202,520594.63113,564510.31359,557084.9909099999,608505.81272,541309.96614,653696.6345999999,645397.8772,652286.52672,626260.4537,984335.04576,605161.36206,579557.6928099999,556723.90798,567434.99838,617411.5746800001,705607.4879899999,604737.8556799999,740428.3406300001,819458.4521199999,831948.42311,714249.76472,869549.8482100001,745847.50842,660994.71917,726636.53493,745269.0169899999,915189.95068,1069241.5675,949033.41533,862561.51933,728751.19514,756130.30566,1017486.3974799999,532848.07501,398338.87331,433428.56088999996,540371.1882699999,563586.00599,516268.1158,716681.14202,722478.7683700001,1034761.47685,861257.0164300001,971855.77019,1139399.2186,973912.26226,979473.29092,864720.65918,969367.3748400001,1019713.81593,901196.0181199999,814959.81015,811080.6482099999,915389.22647,821092.1841099999,1080593.34381,975187.4807900001
ukrainian bank for reconstruction and development,2478.65163,2939.57297,1644.17197,1712.15752,1816.26994,1997.33966,2031.91716,2033.0736,2141.5880700000002,2127.64575,2260.8432399999997,2318.45211,2623.0436900000004,2897.2716800000003,3061.8519600000004,3390.33391,2324.4727999999996,2428.24456,2484.0458500000004,3821.90538,3883.6825700000004,4053.1417,4240.767930000001,1024.4829200000001,7657.256539999999,5247.78291,5370.03208,5387.63721,5592.657730000001,5658.328369999999,7385.896349999999,7833.14251,4777.91928,4850.480129999999,5196.81642,5468.78801,6059.32855,6508.38683,6452.34516,6444.29539,6410.714000000001,7338.64012,4733.22326,5670.95659,5772.7926,5762.64272,6446.1176399999995,6464.0170100000005,6439.07599,5593.354440000001,5775.43626,5910.2656099999995,6509.52875,6431.591710000001,7090.42994,6955.80241,8130.38317,6638.017019999999,12968.94049,13421.44534,13303.98582,13138.94238,13451.569660000001
ukrconstinvestbank,,,,,,,,185559.45477,197617.96937999997,216784.15910999998,205424.69490000003,203436.78318,229703.60797,241400.60627999998,247577.41324,230941.3921,260018.08211000002,287722.68048,311759.97056,295783.59557,304756.16196,322104.11352,292457.78247,296774.43940000003,372910.58492,303805.23900999996,309875.52468000003,365563.72215,337728.53437,352092.34908,371972.04364,346031.88394,373254.79413,369305.52273,407927.14789,460873.82769,341469.28043000004,375108.31318,392446.46271,401561.57785,420085.77761000005,395885.82004,407283.87412,437191.25146,438323.72761,481653.25061,447589.47789000004,452723.24387,446687.20934,467711.05416,468396.90027,457538.91418,470444.90141,475363.02402,457609.42828,462424.93095999997,416537.42907,,,,,,
ukreximbank,1194270.36777,1409109.94752,1308605.10761,1423407.2464,1582393.63071,1433420.57968,1492652.55081,1416455.03116,1425514.0652299998,1431992.98736,1424746.73084,1442551.96257,1417941.5321199999,1324581.23537,1351937.5461300001,1836316.2227399999,1519150.3654200002,1660172.12127,1536611.2273,1316223.18222,1403231.9410899999,1482705.0947699999,1344093.5055300002,1472863.04828,1679423.04336,1267478.23047,1415879.25061,1571568.9065399999,1465350.2604999999,1554251.9160000002,1351001.29815,1387505.26357,1842022.5335199998,1634847.60662,1310795.4908299998,1554457.2205700001,1378993.58859,1436271.7350500003,1163728.13294,1371679.32229,1282076.85883,1291800.44451,1241662.58635,1426623.89871,1231072.9238399998,1600305.33242,1620143.02416,1606508.5957699998,1866465.02615,1881922.05083,1841298.2551300002,1956029.9863700003,1625290.9044799998,1511323.65035,1574033.64419,1579244.9784000001,1409265.61238,1257187.77365,1275552.54616,1311028.6041599999,1277971.76765,1627384.9081899999,1518978.77083
ukrgasbank,1696291.47206,2218304.62187,1840335.95132,1639232.36921,1574360.6748,1678660.0279,1644281.34828,1473107.80335,1533447.41266,1667811.2517200003,1637297.4709,1637694.49402,1961512.77639,1828088.80133,1940676.31665,2164265.50055,1828720.75657,1737195.26068,2348501.9650100004,2167983.85432,2438962.73969,2581758.52234,2225979.18369,2421304.23836,2810505.1610700004,2398609.7695400002,2440488.54144,2714951.51869,2844025.04568,3300528.82036,2455652.3759000003,2641467.9001499997,2663153.20711,2512282.34919,2306581.416,2396580.4099800005,2607603.6068,3207954.41594,3361339.66069,5094515.652840001,5036552.5448,5210736.739,3578972.3493399997,3800308.8642900004,3569885.15879,4682243.95845,3749176.2467500004,3809520.8389600003,3107840.20769,4381114.286230001,3875615.0316700004,3528191.9720199998,3302571.4986,3980106.63523,4629421.6039700005,4765396.061109999,4354631.01128,3823488.8585099997,3729991.89837,3795930.93348,3155876.55137,4434142.8587,4198944.12862
ukrsibbank,2332173.65468,2684146.07617,2547008.54868,2086583.22903,2762555.63709,2210548.18859,1856876.27395,2451777.57938,2275505.08542,2008575.2023300002,2483914.75674,2341192.07676,2190833.47501,2395258.49641,2241435.86793,3691835.14667,3327002.4389500003,2996628.4342,2943552.8468500003,2967401.26452,3389104.9201200004,2664529.41982,3764476.60261,4025269.4785200004,3559825.8143,3744069.50443,3729233.32743,3421240.91678,4236219.58448,3885378.7187799998,3360896.76991,3047320.2128700004,3546122.25431,2699379.25275,3139942.6546100006,3479052.68884,2723482.3175799996,2940475.66834,2244620.3900300004,2324464.96487,1979410.60339,1949922.80981,1828061.2828399998,2013801.4306699997,2027156.4665699997,2185160.70059,2000638.83301,2533924.97883,2701825.59193,2310710.85218,2366716.3887300002,2239653.3273300002,2478466.6023600004,2232210.9978099996,2445595.50224,2377520.80373,2423576.8544499995,2032032.29311,2082113.15278,2552981.898,2451907.2054600003,2616577.05144,2611569.2617599997
unex bank,43632.10807,53636.00854,56704.75511,52953.26158,45191.23579,46291.20212,49030.6318,48207.26902,47073.049320000006,55815.71698,57337.4073,47128.540279999994,45361.51943,45030.12802,54085.080949999996,44877.69705,46074.22018,43517.91992,46262.875640000006,52479.31851,44192.612069999996,47412.24642,50265.53529,41239.557140000004,37595.7972,41388.828590000005,38575.939829999996,41193.014500000005,42114.09785,41942.81949,36270.43254,38143.61462,32429.181950000002,37851.17479999999,39168.609500000006,42214.91246,84906.67222000001,53184.91253000001,49246.396740000004,15963.852060000001,24148.60859,31640.286750000003,28759.52528,31548.30354,38199.27705,50878.630970000006,51266.26339,53955.078729999994,51530.28725,64399.80105000001,72417.6572,51898.25161,42735.31303,51605.39613,52076.02558,60664.87830999999,58089.48866,59398.045750000005,71062.95109,58701.131180000004,66748.04026999998,77722.68308,72756.29974999999
universal bank,213535.32847,255407.467,221667.21848,202468.70839,217873.20374,291423.54069,277936.50973,304456.20052,263188.89503,255588.12188000002,310806.52911,233458.03986,345811.19191,357217.06940000004,259444.37733000002,726620.22081,613227.74119,677847.45147,556984.27741,525364.2091399999,542153.5483200001,547808.9898099999,509021.07836,566378.6426799999,612116.61146,649788.03414,658154.3003199999,652717.4027,577214.324,609016.3537900001,715250.38527,659598.97733,590944.2112700001,622690.23303,582265.73212,624414.5633,634979.6145799999,580225.0638100001,359050.91589,594952.2517200001,594568.5625,636335.07878,438859.52123,611260.5091499999,497260.01405,1371267.2023800001,1349494.8864100003,1142332.43288,986918.28431,1158119.46941,1293431.52459,1390708.7895999998,1782958.47109,1471526.02569,1450122.0684999998,1179447.49774,902755.5698199999,1066708.3267799998,917411.6033000001,917755.67874,982364.31436,1281796.82445,1030268.7118399999
