Bank,2019-01-01,2019-02-01,2019-03-01,2019-04-01,2019-05-01,2019-06-01,2019-07-01,2019-08-01,2019-09-01,2019-10-01,2019-11-01,2019-12-01,2020-01-01,2020-02-01,2020-03-01,2020-04-01,2020-05-01,2020-06-01,2020-07-01,2020-08-01,2020-09-01,2020-10-01,2020-11-01,2020-12-01,2021-01-01,2021-02-01,2021-03-01,2021-04-01,2021-05-01,2021-06-01,2021-07-01,2021-08-01,2021-09-01,2021-10-01,2021-11-01,2021-12-01,2022-01-01,2022-02-01,2022-03-01,2022-04-01,2022-05-01,2022-06-01,2022-07-01,2022-08-01,2022-09-01,2022-10-01,2022-11-01,2022-12-01,2023-01-01,2023-02-01,2023-03-01,2023-04-01,2023-05-01,2023-06-01,2023-07-01,2023-08-01,2023-09-01,2023-10-01,2023-11-01,2023-12-01,2024-01-01,2024-02-01,2024-03-01
a-bank,907343.94351,1084747.98659,1083288.75409,1006760.09256,801658.67854,837417.9503,829966.65559,854153.59918,896682.17611,913647.39823,934351.02989,937503.22164,921020.52634,1030756.54605,1059986.50134,985145.67782,971770.84424,982878.72273,991997.0287700001,1021859.55169,1067670.31926,1087396.4304199999,1138456.58497,1200932.47258,1234594.99513,1347108.1770799998,1289018.20348,1357255.08249,1410789.8483799999,1410934.39977,1435132.56702,1507037.00199,1604039.1387699998,1665461.35256,1765643.97,1916514.2354100002,2198568.53232,2321648.44464,2361772.3605299997,2275589.69911,2224632.84795,2196026.76981,2201670.8063299996,2230309.38015,2240217.05343,2318241.47617,2360602.31101,2397985.17182,2418458.71263,2490276.26303,2517282.29563,2528024.18932,2581846.10423,2600450.53668,2631077.43252,2730968.2192800003,2877080.85757,2987263.30607,3233762.01962,3074709.8351499997,2997309.1699400004,3267550.79695,3085640.5268200003
alpari bank,226969.2349,225531.08197,224740.43429,223371.16842,220553.07545,219347.23239,216553.10751,216216.57631,213724.11979,213495.27860000002,213573.15274000002,212562.36151,214982.91056,211715.17608,212951.83026000002,213264.50157,213419.97221,213233.41634999998,212290.06745,211474.66594,210785.88298,210522.28538,208698.27378,207875.82280999998,208102.31679,204939.75746000002,205166.03652,203271.05041,202845.93946999998,202544.46367,202689.16014999998,203590.01778000002,202316.68039,200017.72131999998,202140.82512999998,200056.81387,203036.00806,200991.40437,197155.28921999998,196218.35272999998,195164.31059,196436.5751,195818.21753,195649.64325,195390.06276,194093.9132,193334.48999,192809.37788,189363.38573,186641.04871,188791.02678000001,189123.82423,188989.98541,188879.12850000002,188793.28355999998,188835.85904,188562.20314,185791.42304000002,185109.68757,185066.70841,183693.61255999998,182941.52602,172242.25852
altbank,233199.64952,235044.61553,235062.19929,235108.68503,235746.09288,236532.41426,236705.49068,237348.66129,238143.28071,238195.9354,238733.15643,240245.43514000002,241800.70222,242199.58995999998,241427.47778000002,241809.62045999998,241747.65513,238160.99362,236603.28047,241087.7303,246859.83779,246767.51234,246552.52302,246303.35795,247795.89878,246946.59634000002,247961.18488,248396.10007,248346.18177,248188.78482,248445.46553999998,250376.93016,251512.60561,252488.37376,252767.35547,254873.1357,256913.54254999998,258316.71699999998,258514.10395,258329.24550000002,259018.92893000002,260352.69688,262091.58165999997,265298.18955,266922.21981,270111.16998,273478.02837,277739.51777000003,284016.71109,291612.11985,293912.58807999996,301152.28394,302993.53245999996,306670.43929999997,310587.47219999996,314353.80462,317295.25912,320433.85744,324321.04454000003,325991.12867,309046.02859,309447.68895,321033.22417
ap bank,314578.22538,316993.7592,319640.23793,325803.40665,326991.8623,327949.13837,329524.81259,333028.54052,338286.07137,341484.48465,347921.08029,350400.45432,339899.74181000004,342897.45202,341035.10073,334507.00418999995,335692.34005,335054.84049000003,332379.057,332558.2852,333045.08481,332565.49275,334164.46006,336358.51899,340495.717,338131.03343,334106.63573,333597.35121,333086.18238,336909.61782,335891.78995999997,338533.94007,342565.35904999997,345532.40438,350730.49958,355241.80597,350548.76916,353858.56127,350827.4453,351481.87944,343431.62465,334381.80652,319922.74669,319700.77706,309472.98216,301130.09085,295461.91969,291415.99717000005,287866.70797,297506.52991,303398.14162,308971.02088,309734.43114,315984.88736,320722.60595,328682.73567,337157.32337,347030.53695,345903.87163,347322.80876,301308.57899,313003.22877000005,325945.64810000005
asvio bank,448155.3221,448516.19396,449581.67409,449472.93627,449521.5278,415014.97582,450013.9908,451579.99602,452163.5707,452332.55232,454521.77371,456099.04160999996,448955.29099999997,451311.51697,451407.87778,452104.92066,452897.53357,453248.35945,454163.81987,454160.47849,454500.69901,456260.15817,456539.82908,456801.67662000004,453065.76093,453257.79496,453376.57119,481440.6571,481526.90521,481683.65444,481805.73338,482036.36686999997,482204.22138999996,484444.20793000003,484799.27426,485094.36199999996,478899.92117000005,479703.33009,490053.13062,482312.33716999996,482655.66923,483372.25645,482678.41453,482795.8677,483026.06632,484566.85638,485096.14629999996,491135.55233,506230.62513,508367.05321,515707.23910000006,515039.65403999994,517241.51271000004,520012.1464,521813.80035999994,530214.32849,533230.37514,542417.24582,551339.58282,531716.61786,528648.28072,543372.36233,544162.82783
b concord,292635.5908,295687.98876,299400.07243,299680.56563,299797.40132,230325.0784,231999.94265,233418.95475,241144.48004,246868.21213,257025.68871,268373.72714000003,275870.19438,281930.63398,288067.38579000003,295549.29201,297327.10212,300831.55248,305060.41119,310892.98593,314485.79364,323524.09622,326326.06607,330079.04232,331600.25858,333743.83862,335382.7139,338615.65135,344168.06646,350115.73594,353026.5246,359418.55673999997,383326.78846999997,409584.23252,432430.66597000003,450295.98471999995,478442.93918,488669.92463,487323.01076,512338.4126,525791.69614,526809.1876,560855.86777,597220.71178,597378.5344499999,597952.45362,651532.3216499999,675905.59167,741770.41204,750284.94475,774151.22976,799334.99864,818957.8301499999,835015.99355,841728.61976,,,,,,,,
b industrialbank,,,,,,,,1288092.64136,1292187.7854300002,1289903.65792,1284077.16126,1280833.07623,1262840.9569299999,1293382.3446799999,1295363.5006300001,1303964.01058,1310176.57892,1283543.0803899998,1328476.38645,1362628.63655,1363185.17581,1381060.0347,1388855.77917,1387967.5193,1264962.86908,1256303.57531,1262561.5393,1267653.17459,1247013.3426100002,1249634.62845,1251990.44648,1265896.1453800001,1265543.58069,1271109.21273,1286253.27991,1274628.56308,1270871.91132,1319194.38662,1261706.3791,1213888.21823,1126465.77155,1115948.71214,1063207.6357399998,1132369.2696200002,1121153.61776,1102475.6224,1100527.66939,1096445.77138,1031484.70311,985570.20169,1182132.8682000001,1145011.34537,1141533.88408,1143059.60207,1142257.54392,1141097.44377,1135404.40033,1123856.75137,1119422.50512,1108125.01719,1074354.77036,1068971.561,1072284.60983
b lviv,234497.97417,241471.64658,242308.00926,235508.93316,235315.92052,236096.93619,237665.16897,240093.69767,304785.1069,351851.66543000005,355067.99231999996,357063.72429,357552.12295,362991.2558,362247.40780000004,371004.01405,372074.68421,375318.69821999996,377215.57395999995,379811.75805999996,389717.60998,396353.50099,400192.61826,392042.23682000005,419750.6252,426826.98629,464308.85243,469730.23634,571590.69673,576958.51185,586103.02657,592854.9766500001,601655.90018,609880.23138,621331.35778,631624.4886299999,626129.58795,640474.2113999999,648320.60008,656626.67335,667345.21301,657681.3138400001,671228.13138,658302.0595199999,682155.23109,693599.00337,756855.2711700001,780515.0626,776231.4138199999,,,,,,,,,,,,,,
bank 3/4,530206.45104,528216.99974,514687.26562,537083.77756,560916.22853,506006.19163,496988.26826,506283.8226,507230.41848000005,507717.02621,508706.90343,516768.64035000006,521205.57049,530471.69302,533034.1106199999,529166.63708,514968.93347000005,549408.7080199999,587778.35358,570550.11041,572847.3126500001,567284.8537999999,546953.71251,545357.38053,548755.92336,545003.20962,549112.1696200001,545479.66499,544723.0227600001,538825.8356799999,532812.9390799999,522291.03333,525603.88769,525739.05061,527503.8733,528328.42725,523735.98125,506071.20438999997,531213.73769,545387.0913099999,539756.94996,542237.70853,542961.26742,535535.77796,481750.55903999996,481803.30272,483373.58888,466848.02553,476225.55173,474926.71067,480371.06086,481481.60356,514078.01199999993,526604.22477,515891.41900000005,544118.35022,557144.3186400001,553668.34236,562893.28397,574019.42305,569344.90055,560803.07448,563294.86789
bank alliance,401044.11838,407390.84636,411866.69692,419668.1682,422310.24642,426403.63341,426820.56178,430947.35397,439267.07628000004,449616.92186,493201.27842,493419.81762,497586.77371,497976.07051,502052.5605,503459.99559,506860.55078,510010.4659,517114.06055,531048.4378800001,539344.75329,548372.39347,558142.2499599999,559390.86092,582042.6569,584010.99803,588185.3938000001,605606.6158899999,607895.00338,608947.74936,613654.0618499999,624170.55366,651409.5002799999,724230.90858,777425.2587700001,891497.63975,913102.0516700001,923820.5576899999,930074.57592,897199.03264,870458.83451,874176.68844,872614.67151,1094781.52566,1081734.08447,943660.81407,948523.63553,1201494.79774,990063.53584,992583.4664200001,965118.1163700001,1009791.4554,1013141.0468,1039145.0033199999,1090886.11747,1144568.06373,1147161.2754499998,1150786.51243,1198747.53663,1067355.99186,1084856.85924,1092042.2659999998,1119859.84967
bank avangard,322213.44023,325516.62273,327174.61665,325536.71271,356217.98268,355034.19506,328548.8409,327915.60542,330699.89625,332057.45818,332638.14431999996,330696.08242,333164.05624,330620.81747,336562.52958,329655.28766,328077.01285,334899.7162,330758.15348,341253.79465999996,340800.93945,241542.54361,242198.56728,243280.13132000001,244238.35736000002,231495.77485000002,233866.15044000003,236949.02766000002,234306.21482999998,227661.91391,235687.33806,235828.58687,236181.41241000002,237213.7654,238542.38702999998,240660.3125,239748.16959,239292.81996,242404.19395999998,241479.37099,217855.04407,219403.61019,222626.04215,218964.53806,243839.32985,240136.32295,242427.8774,242332.70709,242656.71349,439722.60378,433895.74315,382025.92587,382231.25119000004,382801.05581,383084.9117,394002.1147,419892.72612,450250.91689,497992.96442000003,505512.97038,343638.28793,349993.64882999996,353888.17359
bank credit dnipro,1045953.62215,864716.66134,860468.80208,937389.44634,980733.5423,952016.8523,1073766.40059,1084566.68038,1079812.69356,1059475.41561,1183071.4331500002,1198262.4695899999,1180531.33617,1336616.7290400001,1230749.88468,976512.06696,950536.1257,934641.3538299999,1032064.07,996093.18509,1005301.4933399999,1200963.92799,1215602.82332,1206884.92789,1247315.4373899999,1476268.7534100001,1414710.3519100002,1434265.49274,1624751.56475,1615773.35946,1914205.20853,1992859.8882199998,2001538.6218599998,1960266.58146,1949115.44656,1894369.63425,1792837.81253,1792961.41493,1805108.34314,1799809.2451099998,1787134.35757,1837611.13044,2130780.39601,1909292.62148,1805512.7288799998,1786930.15643,1754020.1771500001,1730556.12439,1685446.80756,1747387.80137,1867415.8775000002,1914123.0993,1932143.83521,1981065.4022300001,2096857.48474,2053213.20921,2102827.98916,2111369.87931,2127070.36143,2194957.47079,2107203.78883,2098993.5068599996,2135493.48203
bank familny,185784.11075,189813.04896,190884.99259,191505.09567,192720.9658,195279.47208,197315.67085,196488.76608,198863.22770000002,201209.82229,202959.29516,204116.97392,199288.09269999998,202178.5602,203590.66985,199679.76159,201455.42913,201514.31674,200512.60172,201917.49548,204693.73095,200678.71607,199489.68943,197900.89608,201411.28034,202445.63293,202421.78712,205178.81809,207692.83812,211128.75029,210369.10839,210232.46438999998,213345.83524000001,212937.14984,211738.12198,214371.63414,215337.67753999998,221133.185,235827.48148,217481.67932999998,225704.4909,231911.56398,221780.59536,224593.45884,233902.8446,225855.42293,237088.26604999998,238960.9456,230036.76378,251212.6686,230236.18569,238073.74432,251204.23682,269154.41563,256718.12156,262359.1865,266476.37525,266306.32012,275754.79066,281554.56108,291776.13987,295019.06065,297015.28899
bank for investments and savings,543807.64603,544853.30996,544906.71843,545147.75633,545370.62722,547535.37535,541409.65825,546536.46488,548696.2202900001,550844.79648,556586.1356299999,558060.0991100001,561014.84427,563929.66452,565535.05519,565184.70577,573149.7277800001,597679.11955,586827.73442,584928.54756,594950.2518399999,593977.59398,595430.19183,593866.49839,597309.12092,601937.12487,605237.97747,603727.21545,603077.08174,605401.69225,610617.29231,618109.17677,633309.08369,624499.9092199999,632467.9425499999,641749.63076,649450.69687,657790.24228,670637.2718600001,677794.94432,681251.73748,672537.65651,666198.2006,603562.45649,604195.73569,631153.3567400001,633364.02888,638858.68952,641761.85918,652041.5621,661106.31634,656899.97635,673989.81541,674743.86054,685432.2568600001,699520.11894,720025.60346,734280.38537,741302.42814,722040.85877,715930.99992,730274.07557,738960.88416
bank grant,550065.67492,554621.6673,557686.30336,563638.98143,567268.42583,537937.7692,541641.42434,546066.79929,551161.3352099999,556678.3116799999,562660.50664,566186.5602399999,581127.9612199999,587105.47049,592149.5128599999,596821.32296,602077.67383,588873.4870099999,591818.6442999999,595256.02898,595202.33768,599154.38366,600855.637,602601.97277,605949.67715,609733.7473500001,613489.2520900001,617457.94091,620899.2401299999,619748.47548,582248.73344,585130.23548,588779.20821,591633.96051,595067.7440099999,602109.02715,603477.3023999999,606496.24028,609592.37486,609756.97219,609977.65004,601230.8173,585549.86146,557986.56436,566562.8413900001,573536.42387,581119.6144000001,671292.6754899999,575818.66634,585980.79812,592921.76008,604607.72834,613425.59225,625860.4334399999,638884.21132,651986.59623,667139.51286,657759.3928899999,685791.70835,688947.29849,609324.83201,618139.86348,607691.9765699999
bank portal,210292.83873,210989.2317,211179.32828,211248.34925,212501.86962,212312.32916,214419.8451,215398.00499,215219.34498,214865.82621,215470.76487,215468.05691,217235.06265,217821.55995,217580.27061,217616.93209000002,217378.77315,217909.10893,218238.98275999998,218423.79739,218289.89666,218540.34973000002,219057.49517,219430.82298,219163.66777,218698.87288,219410.32551,220042.0017,220089.19228,219614.43082,219791.20674999998,220175.07878,219925.79645999998,219697.15621000002,220527.56823,220220.69593000002,220106.58203,222626.20225,224687.38311999998,224780.56561,221070.06733,219927.63862,220259.11138000002,224734.0619,220204.77007,223643.13665,225405.08057,226092.31201,226354.81853,228433.00303999998,227951.77716,227098.56073,228477.74533,226857.67189,222048.31282999998,222069.22914,220714.58311,227141.63511,226923.65249,226926.36078000002,225696.71022,224903.91113000002,224263.37547
bank trust-capital,,,,,,,,240611.0109,240941.05637,239853.11643,243802.84951,242484.23882,243490.51584,238502.69166,238380.58791,242108.54247000001,236410.7808,239956.96602999998,238183.25877000001,241087.22183,240801.11421,238000.09087,237286.384,240654.55375,244894.28563,245017.39893999998,244318.41908000002,245024.62857,244388.89201,243551.88375,241958.90849,242598.48875,242008.99808,242362.26181999999,241694.09361,244867.40133,245192.22424,246190.06614,245854.10496,244171.84302,243594.12633,243805.2374,245289.01066,245735.2875,245902.29837,246219.39853,247462.25372,249217.54105,254243.05267,255487.70519,255293.15796,258032.59792,257514.77093,258601.93730999998,257962.65879999998,259078.91461999997,257886.07444000003,258028.90859,257872.21095,257606.22159000003,254490.16144999999,254529.5595,254134.04799
bank ukrainian capital,,,,,,,,250061.82407,250405.44634,257430.39618,257529.86891000002,245553.46981,279990.71001,277267.50031,278864.04406000004,280195.60696,275904.00133,276015.53663,276118.86796,276682.68097,277015.36224,277414.89321,250276.87212,249374.72331,247438.34252,251143.54006,250613.12679,248358.02006,248377.33022,248483.54129,248533.89674999999,247697.92908,247713.96704,248286.15657,248405.39925,247677.42818,250872.93288,251591.40106,256659.80132,254721.51489999998,255887.78875,256981.77714000002,254460.62926,252477.06607,244939.31746999998,243814.85305,239905.93987,232316.23354000002,232165.79055,226606.06458,221022.55814,234700.35652,234876.72467999998,235007.15626,233353.64074,233037.97551,230756.50622,236069.95371,249679.03306,253246.19081,261205.23043999998,282892.83772,266790.85807
bank vostok,710410.02647,717837.99879,727160.47912,733766.21499,742869.64121,751404.78718,760117.85886,779810.80998,812180.90925,832966.3726799999,836641.30457,844522.6875700001,885666.14396,901976.25315,922127.64081,920767.09028,925391.2683400001,943009.8947899999,952833.10256,963085.7352,966396.3068499999,961830.88809,969973.39922,988754.36198,1031777.00822,1033162.9049099999,1057459.84459,1068754.97266,1064821.9767200002,1092260.0411200002,1109819.51088,1168698.92271,1206325.76804,1208203.05399,1240533.75244,1254669.9765,1318398.5720799998,1344258.92101,1364847.11167,1356274.57853,1334998.10845,1347250.16447,1371606.70899,1379258.1769599998,1361740.32002,1358129.8662100001,1357017.98413,1408400.39228,1488802.05868,1582743.31008,1659963.75997,1666387.00933,1688879.48043,1726583.82305,1786797.88804,1858612.29566,1896804.91097,1883512.67816,1952449.4182799999,1985230.5785200002,1996584.73422,1897615.2202599999,1934877.7119500001
bta bank,349272.922,390608.12885,390424.27878,353343.86475,353330.59758,354891.39702,359959.43949,358100.97342,358090.28467,360134.68717,364400.89972,357356.55914,358290.20981000003,364842.03857,353853.10423,327790.84855,318354.30481999996,319190.46238,314488.66426,289342.89078,285604.14936,281389.47997000004,274775.286,269646.28226999997,255883.00100999998,252157.75066,248311.4683,245118.38522,236878.82293999998,234028.90721,235806.70971999998,233826.32298,231012.37771,231370.10688,226560.05555,224270.82337,223186.8882,220248.39596999998,217235.11749,209814.52756,204025.8997,202260.37333,207908.54656,210016.23455,207803.67794,215817.1062,214971.77651000003,212878.30325,213261.80455,226134.45108,222630.82847,220444.90899,216761.44845999999,213954.37228,209117.52249,213528.02702,216873.44194,216502.03657,212489.40042999998,216314.71209,195301.30333,231176.03121,227977.73179999998
cb accordbank,248513.0554,249414.33686,250344.529,244105.69566,247825.07011,251461.62808,252350.71351,255439.45607,259289.58572,262025.98159,263066.23758,266985.10696,270811.69922999997,275172.29017,277002.48939,312910.97001000005,313653.03968,313728.83007,308904.84369,317923.68140999996,318081.55384999997,314059.39908,314757.98411,314769.69567,317533.23565,319555.97306,319140.38837,320664.18593,321921.09961,322085.33624,323006.61591,356250.33187999995,356307.42942,344425.86514,345536.85876,371041.54697,387514.20602000004,428277.24434,399838.65988999995,388229.48825,387490.05445,391402.20883,391316.85115,391646.68308,391730.74105,391773.25185,392597.79789,392664.38933000003,381209.93843000004,402661.69474999997,400460.56216,403720.15442,411288.42096,411500.66614999995,425332.19072,453530.05772,456365.09339999995,503384.93082,567095.6854,565452.52079,463243.7802,550494.3147,590208.24321
cb globus,323672.31994,341628.2471,347038.63037,344659.92281,324427.52416,329078.73855,322473.00984,337256.04074,333207.86269000004,333804.1812,338105.85285,338763.82461999997,325496.49324,354356.76094,348445.17878,349000.151,377410.2109,372200.16875,377081.53001,386230.55051,429458.46938,444736.43378,425729.13746,497351.52858,488186.56277,515755.8037,523607.9905,507021.34833999997,515229.90004,516624.29289,517707.02912,552812.67839,559516.27947,576431.37195,589671.5869,613632.46407,629280.24648,640132.68923,632317.71168,623704.28467,634594.6655799999,663984.18415,630328.9964599999,613550.48616,526589.3043,563434.67611,569915.35809,572338.8839499999,647340.9094700001,672569.9813999999,724685.82776,655448.07013,711373.51963,736676.79988,680971.28671,707832.59884,756713.76827,768088.99696,794715.9805500001,745629.33504,719399.09614,778773.6925,750969.7533900001
cb privatbank,31462233.3963,35195957.52935,37768697.85502,38837847.12435,29796664.36895,32860638.89941,37904900.38746,40772094.58806,45480521.3953,47195457.54843,47985727.10059,52631221.93489,54528931.44489,58599803.6005,64706236.85727999,60484406.06422,68145658.43602,48401318.55038,43016367.62058,44434871.61566,47240401.855969995,49882368.82897,51925167.04306,53254949.57831,52823920.96695,55021993.6456,53693953.408300005,54197456.64798,38537428.71885,40792989.69045,43731439.39273,48375471.94314,50327534.78712,53318973.19423,55664015.02277,58377898.120400004,66614524.99917,67192252.81266,69828749.74488,41155938.95198,38092215.64494,42800608.12716,71463071.22568001,76281171.59162,79512500.5423,52923330.507530004,57419558.273219995,56404044.853,57788818.96773,63234899.01346,65048626.08497,74351457.69421,54783206.99476001,62032657.65224,69519230.13796999,74404892.7853,79574310.34853,83111300.27265,87785115.74313,96776085.68689,83294248.8541,89324833.30672,92394970.48499
citibank,2297694.32007,2498848.9462,2625103.59081,2804463.76516,1631376.21606,1823192.3757,2007769.44472,2218186.21406,2412629.96313,2618636.32539,2829018.43964,3007856.54357,3251855.4696400003,3496901.97089,3620946.72771,3500745.368,3765400.2105099997,4005991.18203,4029138.16822,4075575.6478,2115098.02923,2234922.42256,2342924.375,2425937.59981,2481533.1168799996,2643135.3985599997,2767134.33046,2870789.8333500004,2963742.58836,1759052.76062,1889109.4710100002,2035795.8002600002,2205877.6099,2368258.0661799996,2530785.6412,2687910.23251,2879491.03182,2986554.59151,3157617.41095,2970311.9599699997,2991440.35859,3175185.97809,3315584.6513199997,3680145.80913,4062941.98881,4378687.24816,4766396.7817,5235204.84838,5567324.69103,6216237.83105,6555250.32833,6993665.79622,7536121.9877,7937814.83698,8412934.33287,8920468.17248,9473764.32953,10082503.57707,10778716.86323,11287579.32793,9374939.373639999,9818132.86191,10298363.17108
clearing house,525614.22069,520981.56151,537093.1331,553208.18239,555002.89024,563080.50136,540099.29702,549577.97096,548126.74289,556198.05596,560028.2062799999,553648.1869199999,561131.1451399999,540147.01412,538463.75474,558804.3383200001,561434.10968,566957.79048,570418.1986700001,569670.29837,571534.9159700001,578950.56756,584818.9807,606116.67638,620247.84038,673942.29825,667119.1777100001,659447.7108900001,664620.14475,674296.00823,655198.0579700001,674305.0932700001,693466.8739700001,691873.0374100001,718687.5294799999,735020.00698,740518.49701,743391.7689,762581.2646000001,766289.4866399999,780241.2277800001,798313.6855,813746.03295,817086.07591,756942.71494,784923.5447900001,810186.9961999999,835657.28178,810668.86139,844811.46771,881367.81035,1007853.37911,1036265.18263,1065747.14926,1076779.89346,1102385.56232,1127896.43085,1136768.6399700001,1181406.85211,1078054.16192,953017.01363,1071429.14677,1054776.45367
cominvestbank,325042.18561,325472.47901,325712.56683,325325.71957,325221.70484,308239.29485,305484.2665,305615.78659,302321.19152,302946.28293,298558.83968000003,299750.43495,310357.47096,310584.85051,310635.52112999995,310645.75961,310661.18444,310662.71683000005,310671.56996,310713.40538999997,310728.2942,310742.22397,310777.86764,310826.95148,311029.83642999997,311153.80633,311259.27705,311336.30766,311443.96997000003,311533.06512,371647.28925,371750.61273,311827.43175,311984.25401,319198.24720000004,320152.81257,329856.78537,330267.43529,330404.02576999995,330275.59256,330272.46677,332924.96819000004,340922.36107000004,334863.47083999997,347427.7635,350196.59616,346759.91546,343673.87562,345247.70429,346586.7718,350447.15397,351436.02229,346831.59726999997,346860.54059000005,346917.62132000003,346950.59032,347117.36602,347231.63283,345950.95384000003,347815.72078,358877.23793,361409.16800999996,345384.56999
credit agricole bank,4201247.36672,4341989.30568,4477283.85554,4655692.83802,4759815.79915,4066444.02018,4209213.19713,4429547.92992,4609421.98537,4741005.40239,4918843.61961,5090160.93715,5155865.60017,5348054.3516999995,5439281.5622,5471819.80217,5536355.81472,5669428.054300001,5565527.94997,5653904.54194,5766190.58357,5841671.6968,5974334.05355,6049488.0566,6100741.22807,6189516.25748,5312169.69387,5473307.64043,5610359.03655,5701763.92793,5821211.46827,5963171.297900001,6095264.50736,6204397.96253,6380696.46722,6498729.41329,6698501.17907,6262428.156400001,6329582.94283,6135730.38636,6147289.31803,6179480.965290001,6148116.98034,6155382.28232,6146441.49681,6062463.626730001,6053000.558200001,6107481.78353,6082460.26524,6124135.60048,6178646.95507,6231972.28969,6452881.68571,6769929.171519999,7121028.59543,7665674.81941,8332567.1906200005,8468272.30773,9081215.06567,9687529.26654,8981278.47821,9827333.31511,10540905.57428
credit europe bank,336241.99491,347733.71986,346729.82448,344057.42649,364940.16712,356765.53845,361430.06426,378341.27941,383176.11747,388892.48612,395893.20930999995,402456.35764999996,395034.22225000005,401731.8011,406500.30146,404690.30031,411259.3409,416723.6672,419190.34089,415422.53447,416751.58591,415975.73761,419491.32725,420572.98867999995,420250.71661999996,424770.56314,427268.94574,432891.11401,435147.80354,407699.21354,409523.91903,404323.27366,408579.12788,415124.37474,420676.83955000003,423727.21865,430862.84413,432532.36937000003,421461.36529,324839.13885,333864.50155,335760.25693000003,346992.22957,332475.58930000005,331147.1215,335548.25631,339962.54363000003,343629.27737,342853.99532000005,359856.04399,374489.03539000003,387273.69983,399542.2987,406402.56819,417282.53942,428758.2504,442679.80864999996,451995.81064,469254.93329,456011.22086999996,436765.95667,446567.41173,412432.03924
creditwest bank,398745.84885,403623.25786,406374.59773,409870.19798,413297.53084,416808.78873,420918.88499,413801.97583,415531.43304000003,419787.07511,422513.55809,425669.72293,426970.81951,429304.65538,432545.75020999997,435235.49164,439062.94362,430992.49535000004,433435.56537,435476.33934999997,438901.61987,440233.50266,442633.0819,445012.91791,447276.10936999996,450549.03433,452335.68308000005,455700.56272,455616.38289,457653.84540999995,456103.44204,456453.52911,459681.44948999997,460192.36618,460722.65983,464230.90173000004,466024.03716999997,467468.43049,466719.02961,467200.11928000004,467175.2169,467756.7094,467264.25149,452466.34652,451352.76142,454704.19226000004,456740.18483,449978.02926000004,450837.66008,456012.29581000004,457485.33467,457462.91144999996,458947.73068,461808.36475,466160.94435,469755.70206,474775.75828,480191.25996000005,484479.4961,486216.00609,461395.24208,468251.77803000004,476675.40956
crystalbank,272636.74077,273996.30131,273879.14692,274714.67673,275029.2207,280205.59753,278332.20956,277810.07854,278524.20340999996,281426.96371,283706.70382999995,284332.41266,279684.24387,279908.31607,280536.38836,281343.81847999996,278733.31734,277036.3279,269334.86646,274986.13292,282464.38882,285433.17965,288934.60528,293237.00542,293751.23499,296267.28481,303949.64657000004,309878.60858,322134.56358,330696.87159,328546.799,321434.6048,340727.14277,348574.136,361313.60673,378457.21723999997,380500.88099,377764.93597,381753.11543,383056.54543000006,386451.56344999996,391150.92263000004,384953.41331,385334.60477,387504.06669,388857.06945,394203.98868,406472.64835,383591.1759,408005.61324,419341.69331999996,414196.86623,426894.92949,436817.57177,438986.71947999997,445874.49186999997,451879.61728,453596.95262999996,456318.15748999995,458960.27723999997,440184.14024,447470.31699,449024.98071000003
deutsche bank dbu,365523.30912,376142.02058,380541.34907,380633.80465,385563.11833,352433.98279,353311.46461,360425.29862,365414.64869,367499.17590000003,372235.89151,370168.36139,370041.89561999997,374893.15461,378104.70821,378885.31513999996,384966.51515,382416.60438000003,380711.53735,379241.62896,377039.04227,377454.71104,378428.99064,373566.27213,370952.32037,374623.91352,377080.90038,379370.98384,342070.12686,343628.72019,338988.46242,341372.42134,347265.86085999996,344362.92167,351083.19913,347293.95155999996,334980.32925,338158.38177,345525.91551,340128.68303,338978.0437,352329.09244000004,368486.38226000004,404328.34505,433014.0936,445223.40287,475285.11063,506570.27863,519958.39428,551856.1105899999,581002.99068,591697.75283,615707.03678,641894.8748400001,656169.86102,682331.3295499999,709944.63595,719346.60046,736393.41427,766512.4501499999,664728.08361,684153.22535,707640.4794
eib,,,,,,,,247220.33779,263053.24030999996,246980.81493000002,254546.18258,242182.05442,253548.99417,255321.88379999998,255561.72203,271637.54879,265127.46842,263167.99208,263270.95264000003,270449.74191,269627.78107,268994.15752999997,268360.77063,279975.30102,283350.47829,285004.19039,284245.74274,285175.28909,285611.66025,286538.5694,287226.99864,290385.36482,296696.70319,299009.98386,306651.95357,310662.54856,312956.82791,321423.61453,325625.57042999996,319026.59092,324762.89050000004,323713.44714,320075.56493,329209.99481,332482.18237999995,328049.97131,331944.36377,336864.95626,327334.53917999996,331239.84007000003,334054.68573,334480.16847000003,335033.50901,335774.00767,336236.61856000003,337347.37701,337749.62864999997,339067.45399,341090.18888000003,341694.91969,342937.37085,345715.85231,348047.91628999996
first investment bank,294202.79125,295899.94667,297224.50523,296622.98019,305194.30837,305299.2938,297299.26512,298566.40073,307851.99253000005,317107.94072,317692.97747000004,325072.93039,350758.9658,351558.56999000005,355445.21737,358098.05153999996,357023.95074999996,362733.6801,361137.62067,369194.52078,367707.06662999996,364257.92854999995,360530.91502,367758.38497,361681.71893,357525.87981,357316.30823,363342.53927999997,363387.21693,357835.84416000004,366579.85836,362919.85907999997,362642.92016000004,376087.52494,413432.6906,413488.70803,402101.91048,407406.09431,405093.78103,398868.90159,401954.19759,389480.19678999996,369310.67818000005,356738.06281,341254.54834,316775.62373,308127.88124,298792.1595,238150.61926,259281.48758999998,309502.44652,298086.31457,260374.54953999998,250889.9696,240860.83636000002,209440.1324,214129.39187,207843.38926,209151.67223,238738.31991,221724.92379,218174.16081,218084.54837
fuib,6317868.76504,6627878.04619,6856932.43697,7107179.44652,7297255.21993,7457713.48398,7620513.12622,7913690.3984,8160310.45583,8414840.2544,8631129.5295,8860406.13177,9067377.21687,9461883.430489998,9715785.83499,9522714.04174,7880770.70433,8132750.984569999,8378116.4063800005,8564370.579599999,9010930.75981,9206679.83013,9443310.91346,9582888.364570001,9684011.4047,10018134.824099999,10385875.88383,9420651.896769999,9699054.37553,10037766.67035,10345450.9819,10638489.34364,11015917.7447,11378878.69414,11812791.76885,12309619.92306,12561292.559789998,12945469.16894,13325477.43685,12573483.83592,12589312.75515,12634128.38551,12639901.58888,12618813.81362,12667850.61702,12104142.440159999,12135056.56589,12191014.15993,11696381.07989,12189192.58642,12732098.1345,13359314.349030001,14180766.36199,15016057.28943,15716119.2237,16555090.64047,17296006.30147,18011930.77677,18840247.8582,19867481.88728,17389564.394249998,18067491.64049,18834438.89253
ibox bank,230140.67817,229627.50413,230309.98126,230425.57415,230426.93178,230513.77925,230570.11902,230631.48474,230676.96201999998,230729.39986,230790.37458,230845.53576,235338.12239,238279.74685,244920.70469,245313.83749,245512.33125,248056.29318,274616.56362000003,273666.49755,264456.62884,255258.4039,266347.3739,271405.53371,364558.71376,369441.87647,372078.63073,362853.33229000005,362486.66628,401631.96140000003,428023.36551000003,534958.64406,634046.6760000001,643907.88754,678295.7357699999,729692.5125000001,814995.92296,864081.9709800001,910551.06876,927254.96897,927506.91473,932073.0972300001,954885.37971,1047793.1118399999,1076436.32684,1121247.0082299998,1229556.2970200002,1325349.97126,1428668.13533,1555319.43792,,,,,,,,,,,,,
idea bank,718449.24972,745480.87888,771152.23274,627973.24815,665201.49767,691725.86253,717834.97234,760921.77181,793971.35716,834403.7028,876181.7839,922246.7102099999,926968.71306,958114.45221,974909.16023,755843.7575399999,730735.69724,734126.66243,739276.25089,752920.18464,772462.9837799999,784222.95042,812727.80787,873527.4190999999,932042.25974,993018.3019600001,1028634.8195699999,935662.46203,977897.9935600001,1008192.05848,1043799.32393,1091207.66054,1141443.6072200001,1201016.59976,1250141.6093600001,1403178.84445,1463114.99598,1508422.13601,1532580.6644599999,1534831.05378,1534849.7599,1535056.7483299999,1535263.63605,1535650.5758,1424912.5192900002,1234635.14924,1010766.2461400001,959423.7707,813479.2386200001,848594.66495,898756.6866199999,949535.61099,1008961.25845,1069016.33571,1184563.60543,1253793.01882,1308230.80447,1358882.91564,1431446.77975,1496514.28519,1323423.40879,1376515.24802,1442853.4632
iib,348305.19594,353791.11892,359324.01192,364153.11673,369630.11589,375244.62508,381097.67165,386971.50159,392902.73773,398834.79756000004,404660.72913,405182.24104,405484.57348,406004.87007,406591.20648,407335.0171,407917.80311000004,408514.37043,409265.29620000004,409864.4147,410487.60594,411082.12548,411652.28654999996,412217.49583,412513.31619,414030.52128000004,415594.14712,417104.05184000003,418676.37665,420266.85613000003,421796.54176999995,424619.07958,427332.05386,430126.97917,432890.69246000005,435645.41913,437902.86162,440721.15151000005,428059.94915999996,423592.69310000003,424136.96476,424665.47747,425247.95621,426302.56699,427488.26902,430567.87895000004,434109.38285999995,438699.67595,447361.84115,447969.9572,448623.01819,449251.44284,449895.67641,450530.91507,451204.55564000004,451876.36091,452543.51889999997,453216.10771,453869.42882,454518.94202,457807.76159999997,467812.72206,477224.40155999997
ing bank ukraine,4086936.33375,4164202.40836,4248963.89185,4327007.85818,3893665.39377,3951304.44761,3942437.68455,4008724.46002,4047275.8389700004,4107943.86941,4159825.5234199995,4208144.33905,4283098.47378,4332891.84467,4365803.00678,4477198.8401999995,4521078.48036,4562001.95793,4585950.84316,3899140.13281,3899865.50576,3888558.4029,3860602.75265,3871040.91707,3952414.9524999997,3978466.5362400003,3986986.1818,4010359.4959299997,3647172.8988,3664981.44461,3709729.55596,3740247.58535,3763561.1688099997,3783369.67211,3811658.4209100003,3832418.4465500005,3857762.5640000002,3891016.70526,3917794.04637,3809139.13998,3835965.5354999998,3885302.1293,3665972.62697,3798333.6438800003,3884565.71436,3981389.57303,4098593.50896,4207861.56891,4260910.26112,4413173.22642,4515399.50698,4577463.5783,4670881.6225,4805800.85299,5035062.20937,5049225.14073,5184849.543930001,5295469.89005,5413172.709860001,5040010.81314,5178003.61029,5302747.4812,5408304.00383
kredobank,2038280.09358,2067880.06107,2076374.24935,2110338.09191,2138146.2063,2208006.66939,2250503.04085,2305687.76685,2348736.36275,2384409.03234,2471869.35309,2530830.07731,2586285.5195299997,2644527.30831,2662001.2075,2732640.79832,2747764.57086,2806882.98159,2869140.5664600004,2907301.2116,2975977.49722,3025104.86726,3073414.41496,3134040.91786,3121582.96362,3263524.01572,3352078.75734,3412061.69805,3480459.53147,3531145.88514,3602976.43597,3642308.6900899997,3733408.0099500003,3806345.22039,3836011.90836,3885080.56575,3948294.19708,4023452.8168699997,4022152.05163,3913141.11122,3926049.00002,3982085.52253,4024941.56171,4134852.8298,4020934.98696,3946668.74158,4033186.3494999995,4101561.71679,4037937.9565600003,4231310.59428,4320942.47339,4362655.71771,4570330.85346,4843832.799380001,5075688.705329999,5358787.28051,5606207.67766,5826104.229180001,6117661.633169999,6309832.92649,5868680.647150001,6059002.184210001,6279166.09478
metabank,272709.27466,274245.72258,278229.53391,282696.25488,284414.82492,288159.75385,289937.54109,294774.60797,299809.61198,303640.11283999996,309549.82576,313327.7622,319557.60844000004,322764.46148,322137.47529,319940.58132,324396.89583,327764.06119,334184.10395,337408.2302,342944.12166,347714.58375,352013.49590000004,352941.01885,356519.2421,360911.26159,361335.20382,360085.70024,366485.16156,366745.10783,373535.66956999997,375780.60024,382513.50786,388177.06859,389137.51602000004,394947.87409999996,398251.20407,393207.36303,397555.73333,393194.71797,394018.70261,394781.77729,390255.96547,389323.81806,390261.50608,354417.69090000005,357312.00516,353896.79978999996,365663.88119,368539.97650000005,373841.15025,375065.86526,381842.38383,384194.45924,383407.2027,391769.36245,389535.2457,392453.86348,394434.08102,395708.99882,379392.66589,382446.58447,386542.97219
motor-bank,310085.97715,313599.35849,316009.38851,317539.10103,319128.16078,321295.46713,322749.04013,325412.66439,327526.07595,329742.26631,333989.74280999997,335323.17666,332133.78641,337270.2887,336360.80919,338536.61442,317820.54793,317956.49149000004,318430.48439,320339.34154999995,321417.50070000003,321609.18757,321734.44859,321867.43648,321334.91279,321361.19559,289518.92148,290072.26543,292314.79721,293580.20017,294905.31737,297345.67341000005,301205.73646000004,305319.45917,306902.04612,309658.30395000003,310826.83259999997,304985.91467,281594.01715,280994.15231,282155.1847,283196.92325,283827.41527,266502.97477,267642.43807000003,265795.38881000003,267920.43306,269948.12661,265214.60252,265009.41777999996,241474.18324,245945.17859000002,241601.86512,228765.00384,229270.92878,232968.45719000002,230644.32066,228318.76421999998,228757.8737,227222.54097,225557.22263,223947.61241,221844.3837
mtb bank,688224.37082,691744.29782,691821.49911,695682.03996,677602.77387,693274.53028,715578.28619,724642.47322,727621.83393,739118.3787700001,752701.96969,762339.37389,768695.0255100001,790708.90825,801968.23392,791508.24342,777616.98338,783486.83979,785686.73644,799826.14992,821922.89654,835413.75187,852328.55909,858111.96021,859642.40007,873535.8608499999,886749.44285,904566.24776,909526.56915,916029.18056,924048.07559,938621.1603100001,930589.33971,931079.73941,952959.72833,953914.54597,984224.06186,1008038.8023699999,1047192.07792,1030692.5452400001,1022046.4693400001,977877.05719,981032.24852,950799.9208300001,970769.64113,846495.4701200001,862315.91813,858836.50914,912393.43991,920982.19104,944271.15692,953797.71626,984015.58684,1016955.6326199999,1029992.19531,1051270.59458,1078508.23554,1086704.9005,1105886.4886100001,1107388.1496,1157183.68612,1427785.02086,1489520.15631
okci bank,205946.52319,206237.89721,206294.93986,206338.27205,206354.21119,206389.7948,206413.88055,206453.99263,206504.25551999998,206528.64609,206562.06415,206620.41267000002,206643.58284,206667.16785,206675.39292,201227.4435,201315.32425,201326.16947,200656.83834000002,199067.49923999998,198181.95478,198013.23843,196777.90701999998,202032.23129,206696.13598999998,207713.04985,208242.67845,218776.09261999998,219227.6392,219526.57126,220163.26794,226062.67786,226653.58186,226994.82952,226917.45128,227024.41233,227159.25394999998,228228.70205000002,231183.42511,230948.44936,231292.96492,231690.37230999998,231812.88564,233649.55778,245864.93110999998,243505.82682000002,245239.71091999998,252308.20636,253957.61121,261124.95007000002,254978.45875,255456.43249,252241.14804,248538.57155,242374.2126,238795.00145,241564.2842,238498.3398,235417.3084,233926.5801,229135.75308,222452.63183,223938.93548
oschadbank,18542714.66986,18642024.53612,18467157.47645,18659366.40363,18722148.40965,18824396.52875,18204336.60807,18441701.35828,18656712.92728,18749806.13233,18924109.848249998,19159889.19269,19551906.533460002,20000830.87514,20419525.64319,21146203.05946,22330310.77981,23164263.43322,23126073.58785,23743241.87051,24018549.99494,24240634.661280002,24209355.926519997,24213381.23071,21935199.01553,21999581.49976,22037357.17957,22043650.58546,22177702.69288,22164863.064460002,21375800.07039,21485049.169630002,21571257.78528,21660022.05341,21547719.75522,22125158.20552,21869889.283830002,23030928.302789997,22299713.77666,21762196.3008,19232897.25388,17920356.858319998,17407481.76661,21138981.352440003,23920992.0117,24114011.7287,22668204.02051,23218708.33302,22164276.35855,24502994.34694,24061371.4532,24712542.91538,24267829.54771,24195896.022010002,28862404.09694,30279134.893400002,31564777.04564,36206307.74256,36609636.20375,33658958.11044,26892411.382179998,28277259.7639,28512973.73009
otp bank,5254806.13519,5502279.3637,5731333.84819,6035619.37107,6114256.42378,6359649.68017,6532163.86429,6735941.43329,7016867.65874,7290013.87624,7425197.50958,7586522.26764,7774475.4038,7979908.11161,8143854.91067,8200449.74778,8406662.44285,8499435.92794,8355611.30088,8674983.9758,8963087.264460001,9316003.9569,9556601.28208,9800436.27788,9571560.70568,9768697.6156,9969602.07426,10235798.21401,10430579.470479999,10661831.43306,9672065.10211,9931654.34857,10132807.129700001,10429215.41911,10644412.19977,10802602.00512,11060380.90841,11294604.51078,11571989.01172,10350838.8836,9189230.76885,10314610.53916,10188034.23904,10405592.81526,10557159.90783,11010758.81966,11246299.9386,11511247.386400001,11630667.57222,12257038.930659998,12746106.667960001,13105505.43134,13732512.49193,14316800.23037,14878403.81209,15466334.869959999,15890807.143059999,16754372.489369998,17307554.151690003,17574445.35103,15819021.30426,16295804.77755,16746138.079069998
piraeus bank icb,607602.58428,613760.78588,616496.57591,619047.770099999,623796.72946,626651.56995,627481.67286,631592.2407,634950.0007699999,635853.79234,637731.92929,638881.58746,638412.68455,641170.6872800001,640057.4444500001,636742.74358,639184.0544200001,643219.87516,644443.51682,641592.7572000001,643869.5900699999,643275.61107,642660.21439,643437.2950299999,652834.4387800001,653644.06788,654442.19435,657078.2724499999,655036.78472,656221.76375,657020.8738000001,657924.26368,661517.16487,671106.87427,676337.6800800001,676394.83994,699690.77014,684081.48493,684146.42367,693744.27647,687295.7971900001,683988.2894700001,621117.81154,547012.8794099999,557994.68011,571194.2815,581795.36375,600340.9381,587469.54982,603451.3329500001,613381.56936,624383.32551,630584.30376,642927.4417000001,658038.67489,672592.44533,689560.90389,707310.7257000001,713953.8929399999,717982.27229,662326.60827,669950.4577500001,677230.42263
pivdennyi bank,2511581.1219,2581736.23953,2589700.66763,2596041.12259,2618283.51322,2649955.86347,2664213.57826,2712177.16639,2733027.17088,2765914.63879,2781157.05136,2794789.55102,2836975.85512,2889238.81024,2857886.54492,2787841.91654,2806978.09138,2867806.5246800003,2965219.63819,2998345.2902200003,3072215.85929,3109390.74008,3134289.36359,3141990.33578,3103239.81326,3201033.0786200003,3259463.57657,3279184.62271,3340926.6793400003,3363047.02934,3411854.2589,3465434.85197,3526161.1257200004,3582278.25987,3638068.3667200003,3655660.046,3758481.96221,3927606.22621,3817222.23777,3969578.43757,4012594.57493,4092013.73401,4103843.53781,4146943.0257699997,4151383.2862400003,4108831.9399800003,4218049.309889999,4316030.012150001,4189500.15744,4388710.68436,4520068.02684,4587481.01766,4772589.88585,5007320.91722,4986450.6879900005,5346104.3927,5163625.6055499995,5350109.68706,6123174.41257,6058826.52172,5200040.828070001,5595847.8669,5776086.81446
policombank,259957.16169,260048.91075,260198.47749,260809.25024,261481.71369,261039.96081,260924.7086,261207.21268,261140.28874000002,263780.30017,263818.48701000004,264252.10671,264966.87643,265432.85295,265839.31716000004,266322.5759,266215.06138,266465.90938,267466.99689,268163.98591,264658.26914,265644.50404,265897.29096,266142.90138,270129.85762,271056.19193000003,271162.0898,271573.15989,272535.66744,272005.29705000005,272748.06009000004,273449.01739,274392.42024999997,274907.08972,278615.67309999996,290271.81714,286297.41368999996,286560.49699,â€¦,286847.13901,286465.42991,287366.20989,285134.54091,285050.59446,285138.30156,285260.12831,286326.64882,283127.36155,282447.08125,285813.78231000004,286908.10979,285206.63207,287164.18102,291247.24504,282927.2852,297330.91118,299692.78864,286877.67416999995,289672.97524,287130.57353,282822.37679,289445.62727,291994.45995000005
poltava-bank,716137.99998,725345.954,732859.85915,700231.93887,709126.0258,718196.93776,728283.95798,739371.79424,749099.22571,759954.3637,775627.31488,788325.2595500001,798437.4520500001,804805.95948,813072.41245,818076.42534,823312.10089,829918.4176700001,837868.11334,846160.0734700001,858029.75211,796661.04555,803365.39133,810496.56577,776859.44325,828571.63239,834620.70806,807609.84078,771521.3045000001,782274.6249599999,785646.76951,792281.43024,803654.1201899999,815161.7528499999,822565.56514,830121.59663,868157.99386,872777.85597,860657.17651,862066.45997,869928.7991800001,876665.82256,872749.83228,881651.70886,894454.34001,897165.6272699999,895250.68086,897232.92921,907510.73956,923755.14857,936089.93044,962976.2312,986871.8063699999,1014259.39897,1027560.83668,1051310.70597,1077659.72426,1100679.4291700001,1113907.3801300002,1064713.6374700002,987969.6819099999,1022993.19519,1039787.4243199999
pravex bank,,,,,,,,1976581.92118,1968619.8875099998,1956934.94105,1951179.86706,1933058.9553299998,1895036.66778,1898792.96754,1884270.57091,1837117.36963,1843116.6778300002,1836642.24435,1820180.43837,1795710.16394,1782169.82975,1770791.30199,1745492.6395699999,1734000.02248,1719697.67801,1701636.22683,1688128.2685,1669957.56795,1653280.99393,1636097.65215,1634118.5230599998,1624728.28957,1606146.16355,1588623.85402,1574351.59898,1574021.04984,1478613.17325,1458751.7566,1443069.83986,1421647.43451,1405092.94864,1398115.9324800002,1396121.39443,1360980.9314599999,1296126.4625900001,1288477.05067,1125797.14672,1114878.0524799998,1100700.55775,1115381.8213,1114278.15365,1095918.8930600001,1088465.75603,1108915.94337,1072127.10309,1074257.6789499999,1059769.9654,1047104.12537,1151493.1369599998,1083625.43244,1052084.39213,1014870.8537999999,988555.0891300001
procredit bank,2983983.70575,3022876.72204,3048907.49903,3093533.51507,3161561.67276,3233561.71768,3304981.37935,3381657.42971,3438896.26391,3514842.7679000003,3582570.6742100003,3644163.65612,3942032.28576,4006383.84777,4080040.74736,4098666.11181,4145031.99761,4182842.4494499997,4199541.01793,4239709.9328000005,4293913.04898,3658204.43387,3715675.39217,3681529.00305,3787999.63724,3838419.93029,3898991.39315,3965969.11799,4032583.2412300003,4105592.3320299997,3603147.04824,3679599.65705,3746799.69458,3813589.74541,3847283.24693,3936332.88112,4011172.2434799997,4084744.2618899997,3995192.54581,3250658.70279,3313600.58389,3283452.83727,3104188.30547,2783705.66709,2722629.8943000003,2576942.13974,2554524.76098,2542409.9503900004,2238664.52683,2348874.52547,2417304.0424699998,2449600.75303,2592010.8898,2623089.747,2730399.53391,2890958.47244,3046832.182,2893827.63489,3140170.6101200003,3209642.2281400003,2940688.02312,3141146.5503,3443769.83005
radabank,270014.81399,271808.8656,273397.34632,275563.83663,277775.29427,281503.14763,285024.90487,290997.04546,297172.65597,302992.38626,310010.00069,309243.25785,309951.06414000003,310335.06337,311264.03298,311586.97712999996,311907.74768,312839.75718,313899.93305,315949.13236999995,319040.85319,322458.21205,327609.44536,332882.10144,337621.81995,341971.3531,345953.17694,351180.40345,346769.43893999996,352156.82741,357701.10626000003,362980.49387999997,368765.96313,388125.96837,394378.58797,423509.58808,431694.09544,436261.38838,436447.77768,436420.29828,436454.70235,436483.80078999995,436999.57844,437040.44654000003,437112.61786,437510.8727,437595.21742,437617.64463,440980.92294,443295.37999,445595.06727,448278.09513,451310.57184000005,458170.5847,461862.31143,466599.52712,471813.24151,500569.02569,531373.35078,532731.37095,504119.64254,520237.86358999996,534185.8127199999
raiffeisen bank,11622970.30281,12161165.88414,12303638.19122,12721251.59051,13104675.72566,10051822.97284,10481935.34768,10956376.73827,11295329.65632,11674412.3614,11982323.62028,12468362.44429,13015807.84703,13526591.22314,13873190.17203,13687684.94526,14147900.89401,14709030.66511,15139560.934659999,15473202.907340001,15757655.3847,11892572.91563,12180902.66236,12455846.64807,12891675.6207,13249325.74638,13623354.26361,13945472.73444,14395697.83024,12667216.44737,13123968.44884,13538958.63852,14001834.640090002,14414841.910540001,14822654.7376,15117966.09211,15579499.56072,15915692.14055,16032530.58926,15483062.073469998,15523668.169329999,16029457.250650002,16123808.55183,17100153.95257,17367754.12594,17890065.72011,18004571.2301,18286829.681890003,17055047.57294,17770857.59443,18752545.125749998,19116178.81888,19880231.003820002,20315930.64631,20173014.745389998,20868794.679899998,22168478.589089997,23184907.32988,23942214.38132,24486374.41217,21834570.08759,22884741.36499,23784717.16306
rws bank,212661.14786,216530.11914,209823.71404,207643.07245,385035.43237,338131.83881,316731.51717,322545.08664,298746.04652,292831.51833,286621.11714999995,274022.11727999995,220221.76903999998,495066.45192,495780.56591,229256.92322,226564.60906000002,226620.98386,224896.39259,229430.932,231974.58732000002,230446.04665,230378.24397,234062.35805,255666.81414,269868.9397,276563.75121,281266.7084,272808.62532,276192.20967,281555.75838,282779.67959,280429.30462999997,278126.75886,257432.81565,249999.99721,241946.08804,223807.80579,237447.87946,228622.18657,235616.72939,251442.44266,252732.21868,293379.16509,278095.14666,231254.44916000002,231621.64489,232042.48202,254839.27903,296125.14232,290254.72874,283677.72972,287195.73101,290415.50102,289047.98596,296253.55135,301797.34008000005,302052.68973,313958.85555000004,326617.46712,313868.02561,341632.20724,325708.80306999997
seb corporate bank,538187.70857,546659.01499,553074.32969,557898.84644,563243.51627,568658.49591,574532.45473,580687.17421,587589.1457100001,592541.82824,599003.50052,603865.68858,607918.5740100001,615155.30972,617725.1486,614371.92316,619185.0011400001,625808.9128,629894.6999,631637.87931,634775.03621,635568.7580200001,636880.5604000001,638493.94738,640869.1803,644814.27843,647267.92847,653804.17278,654648.63972,659288.6316699999,663530.88033,667912.18545,670884.86806,673645.0238999999,677833.42664,680513.1298,686382.97915,691965.4158099999,692842.71962,690429.04636,696047.09752,704866.0357,716269.02218,739554.84475,756869.2382799999,775104.10468,797669.35641,821463.5205399999,836091.6742199999,866182.2623599999,893138.60015,919924.26941,943928.68207,967571.8074599999,991119.24132,1018223.6694199999,1043192.3756399999,1067503.68549,1092369.81115,1114930.51342,1022311.85155,1049261.26097,1071639.8801499999
sense bank,5041087.72661,5269538.49773,5435996.86052,5570119.43521,5715123.20687,5824801.56674,5953709.56969,6175184.75737,6330247.96488,6531158.361,8210764.728759999,8233687.771589999,8519412.77381,8393171.98547,8463894.19228,8645279.57498,8730789.377519999,8815018.50739,8954488.02335,9070176.1309,9312774.73519,9295767.88311,9326839.255619999,9414592.42735,9622971.28411,9880842.25761,10049351.97157,10620187.528930001,10686251.18105,10910728.765730001,11075166.220859999,11486822.70078,11964124.024799999,12085042.72241,12368724.2082,12682896.20699,12905989.798279999,13496911.799039999,13278001.51363,13361172.477149999,13227589.53436,13085941.775290001,10689370.85957,9552214.886489999,8182325.035879999,8677511.42657,8748435.10407,7869935.57177,6117030.740999999,6645784.6596099995,6761870.82515,7292276.69192,7494092.32336,7569861.60664,8306213.43568,11513382.51209,11616813.107649999,11747909.913929999,12021996.61648,11772709.37967,11445454.60359,11826953.75348,10625132.03029
sky bank,209495.89497,217057.23168,216737.67817,214856.21141,217405.179,202021.04572,170612.82187,165587.37015,161937.06253,167992.60433,162006.26168,151772.60392,159008.35155999998,156385.94196,156331.4404,168787.36961999998,165700.03224,165633.03788,166321.34656,167991.91174,168800.50856,171240.02048,174006.61869,180855.69183000003,187276.8891,193161.01352,193844.12037999998,191199.47172,192045.63791999998,192695.36369,194956.69598999998,195623.85656999997,202661.94815,203771.85014,205203.48867000002,206630.55404,207683.00035,200197.07366,200189.93075,207493.52524,202458.68605000002,200707.96137,200784.0415,265937.0497,254249.26991,189102.07069,256654.80559999996,310926.34814,231498.80479999998,269861.39491,291732.47531,254216.60386,282163.84943999996,307226.61062,260280.71800999998,273176.89006,292755.56457,286101.94452,338945.89326,359450.25061,275152.40952,300775.58452,327455.74983
tascombank,2121317.027,2159407.69762,2163651.27349,2163391.59686,2200433.98219,2214868.95201,2250245.20166,2322308.69961,2420718.2015,2456600.93593,2478866.8663899996,2490089.89076,2579564.18282,2597793.6170900003,2629320.99413,2683988.11247,2695354.29522,2701407.41091,2722256.36899,2738171.54311,2803921.11471,2832662.07484,2874746.01627,2935352.38425,2997393.80149,2986981.43536,3101660.64641,3164509.2497300003,2896677.7406800003,2950245.20218,2977735.2108199997,3008383.75195,3020689.8848300003,3049967.3681,3064099.63266,3069772.5278399996,3124267.7978800004,3150155.02165,3140142.54218,3103004.28138,3107254.5037700003,3116115.3574,3152961.24027,3156518.44205,3159058.8381399997,3163161.79229,3167321.60177,3173774.75007,3234325.3955099997,3238630.6165400003,3277720.2078199997,3419438.32613,3446434.4095199998,3481335.13525,3479307.56368,3525181.99697,3536854.61185,3595524.65171,3613270.98753,3650113.94724,3514639.2490600003,3601789.85517,3703202.3833399997
ukrainian bank for reconstruction and development,198065.1418,198553.09532,198712.70162,199017.57699,198152.53105,198723.64741,198493.50661,197996.11572,197680.30518,197184.72843000002,196809.96615999998,195628.17004,193656.26011,193299.86091000002,190893.22105,191079.80515,190141.17845,189101.87453,187620.62682,186355.58028,184074.28218,181816.90063,178885.69204000002,175995.81634,172582.05409000002,169365.57606,165911.11586,162958.37695,171095.52262,168558.57330000002,171764.15838,169976.11062999998,169295.43753999998,169204.76077999998,168426.4578,167801.30822,230855.31288,230819.81439,230069.80341,230052.16112,230076.12139,230306.65733999998,226612.56733,223307.6227,219675.81727,211083.18873999998,209860.29815000002,209089.30605,207342.83021,207623.3743,206842.08672,206455.11339,204839.73929,204519.06431000002,203963.19736000002,204732.37315,205738.12441000002,206202.23835,209379.52163,210478.49065,207900.67348,211470.87899,214234.72530999998
ukrconstinvestbank,,,,,,,,223154.66282,223264.33138,223636.10650999998,223751.64903,223794.89036999998,220602.60495,225192.93,225906.30644000001,224310.17009,224394.65225999997,224820.66424,225610.7903,227616.87882,227810.92116,228285.82811,229116.94258,232119.84236,234119.88918,234968.71264999997,236890.4982,237406.84471,243170.15549,244651.07976999998,248453.94258,252726.61555,252885.76957,254615.48717,261185.81179,265294.52895999997,242010.69290999998,246930.41211,251783.30409,244275.60371999998,246830.38055,253338.52555000002,254295.07722,255314.03836,258729.38459,261020.74112000002,267752.29348,273936.43155000004,277060.08891,289251.32534,288233.60265,288441.49313,293697.12232,294002.90908,296130.04452,300041.63847,260341.45314,,,,,,
ukreximbank,8441247.27751,8824020.45143,8866040.91586,8718341.63512,8306745.3178,8563203.5781,8078166.71831999,8630671.63555999,8915823.84876,9977015.2623,9588994.89133,10879870.346140001,8905216.74081,9798502.72837,10246122.81084,4513417.20886,5537035.26948,6846808.052499999,6926865.32281,6482503.73941,6860270.2296899995,13416475.65703,12385063.87623,11455390.9913,10324255.81464,9860494.52461,9832410.71813,10334542.3163,10539322.32571,10885828.13361,11058226.43531,11226812.768690001,11473045.56583,11682639.2733,11826743.01923,12023182.329920001,12447353.87898,12212150.16374,12429789.76602,10300302.52413,10301282.57817,10228366.41801,10021946.72017,9219375.17996,8018773.28813,2963944.99576,2786232.0439400002,3488900.21596,2026078.09092,4571349.12034,4431695.94108,3050370.2921200003,5711387.59515,5694404.79376,4954354.8768299995,5489384.14002,6565048.98113,6996280.1515999995,7586676.57234,8742194.929720001,9176996.45107,10714002.310579998,9300353.22095
ukrgasbank,5756015.48052,5903056.7182,5894707.40051,5893277.96396,5816071.21483,6046278.76989,6031545.17546,6174154.42376,6273325.40699,6418741.629600001,6764599.31787,7254215.39697,8254483.82188,8668114.34814,8677636.50508,7786489.8406299995,7308428.11422,8958989.554690002,9366074.3697,9022724.79745,9377052.05831,9343840.50279,9247401.94602,9119767.434589999,8548830.068020001,8426863.89816,8207072.929629999,8563086.739030002,8656173.13156,8724885.18279,8927305.57746,9293927.4236,9504588.3486,9869030.450579999,10718019.78406,11322720.02002,11630900.83165,11305343.293300001,11516405.901870001,9907678.19298,8913154.68464,9383722.8445,8293471.31651,7928533.805740001,8089730.12643,6283146.10185,6356232.6975,6130320.501060001,6916121.52987,7473591.8618,7512597.94015,8262468.73199,8885379.586380001,9912547.06494,10473308.87022,11177622.62654,11240381.501629999,11237010.62758,12119600.413379999,13135521.22669,10913478.68977,11856560.869819999,12612191.598879999
ukrsibbank,6725328.4242,6942519.13733,7150179.46466,7348255.46673,4960700.21822,5412195.32517,5656066.62185,5900383.42075,6177286.76377,6271489.17988,6478407.20969,6729041.2877,6778912.71264,6968092.427270001,7103347.62529,7225181.31843,7330675.55702,7372393.3717,7444024.81165,7563782.092239999,7671923.86804,7784243.63317,7954852.17521,8022677.99119,8090933.34819,8110976.122289999,8246901.5406100005,8377355.83042,8500342.078879999,8547150.94761,8606671.582090002,8765752.956770001,8930840.8834,9126074.25934,9312873.68009,9635384.08593,9545419.57352,9784830.13446,9934584.54143,9426787.00213,9490598.27917,9894964.748680001,10269508.56686,10620008.76798,11244994.723960001,11644134.09273,12162213.59336,12814983.86848,13104102.69959,13684387.80856,14312145.26243,14851152.28129,15420203.48593,15997949.21944,16669500.63405,17394637.75914,18188780.93657,18768396.243809998,19072817.7188,19969920.82332,17445074.44358,18048103.81496,18521572.11588
unex bank,268641.83755,268689.16383,267702.56825,268707.41535,268006.05005,265039.37278,263986.5705,262478.21133,261979.46886,262597.93580000004,276200.85782000003,291565.66611,277911.93543,278063.88958,274289.73043,271998.8383,271062.46165,270473.60137,270986.20367,262600.59409,259193.82277,255764.8007,250212.66179,245569.80843,241351.71152,236351.24007,237195.02396999998,239347.61775,231765.64043,225245.45667,223737.21331999998,217680.09027,218540.45106000002,213889.72144,206989.51531,198573.72602,192727.61357,176041.91561,173744.53073,170114.4663,171427.87224,175007.30630999999,178641.2555,179573.72348000002,177124.33158,177474.67024,178222.87068,178296.32926,178422.97145,178476.37208,178820.50464,179255.75363,179265.82227,174692.41205,175225.95164,175513.46894,178699.13796,178931.21078,179001.29953000002,179122.87462000002,179480.32766,178460.42768999998,174176.16884
universal bank,876823.643190001,867809.211510001,937631.646490001,996205.37491,1013745.17958,1047111.29246,1136482.73355,1547788.92405,1607059.67736,1678194.2594100002,1696651.8327900001,1709976.6370899999,1703060.68388,1715916.8862700001,1786321.97452,1847688.1169200002,1896144.69052,1918044.4656699998,1980562.90597,2005522.43963,2367340.98191,2390057.31489,2390621.28645,2549698.22951,2659553.7305799997,2764721.1581800003,3116201.19423,3518437.7363899997,3801748.65757,4039579.14385,4308659.09134,4692353.1389999995,4930204.49256,6154604.14795,6467008.15023,6726686.55933,6724307.07823,7073500.21767,7094561.33908,6560200.26643,6529168.16484,6761952.20034,6925503.81545,7119660.66883,7233963.57117,7476604.36968,7830139.10067,8416647.46828,9203800.285519999,9504072.618379999,9878232.083409999,10068883.9216,10382290.99451,10670567.98824,11050361.44564,11419380.5351,11880459.25772,12501754.36298,14220939.32907,14657215.11214,11480111.95433,11929595.441440001,12262029.49555
