,a-bank,alpari bank,altbank,ap bank,asvio bank,b concord,b industrialbank,b lviv,bank 3/4,bank alliance,bank avangard,bank credit dnipro,bank familny,bank for investments and savings,bank grant,bank portal,bank trust-capital,bank ukrainian capital,bank vostok,bta bank,cb accordbank,cb globus,cb privatbank,citibank,clearing house,cominvestbank,credit agricole bank,credit europe bank,creditwest bank,crystalbank,deutsche bank dbu,eib,first investment bank,fuib,ibox bank,idea bank,iib,ing bank ukraine,kredobank,metabank,motor-bank,mtb bank,okci bank,oschadbank,otp bank,piraeus bank icb,pivdennyi bank,policombank,poltava-bank,pravex bank,procredit bank,radabank,raiffeisen bank,rws bank,seb corporate bank,sky bank,tascombank,ukrainian bank for reconstruction and development,ukrconstinvestbank,ukreximbank,ukrgasbank,ukrsibbank,unex bank,universal bank
01/2019,3672973.89247,18184.77534,432818.57607,469750.96031,434216.88247,661695.76186,,1699604.41556,359673.75076,1665238.4779,586826.43807,8764743.87764,60353.60898,3518437.32009,889753.1541,10894.7858,,,6934601.73002,145971.93951,1520871.72773,2179562.90391,224951854.05554,22244846.97201,1423079.2276,916104.6526,26524106.3911,324954.34846,874457.78539,1055473.1031,3126774.07484,,971479.92417,40328419.42136,501873.91374,3232919.36581,8702972.87103,5554588.18301,11722945.45847,516137.41226,1095499.82319,4062108.22291,325398.68126,151447721.39528,26355271.17178,1703569.90737,17368761.88462,369339.23224,1540951.93635,,12112858.7133,1199888.88853,58159939.35064,731994.51135,1145004.88271,268659.95446,13796370.07248,616.97971,,79947266.51402,65247563.21618,40188680.4616,634323.6159,6939181.69666
02/2019,3855097.36512,22890.81244,327628.47977,412554.00961,468263.43029,680128.0212,,1678776.98674,244451.84478,1788131.98579,534613.12549,8231314.88255,50725.63146,3491218.49067,873739.27023,19077.44449,,,7448788.06312,134660.75723,1439668.92938,2181489.36552,221414454.66209,20817793.2459,1934931.66774,907726.47523,28183562.0904,263567.49663,874319.70836,1216808.05366,2884609.59577,,1121937.6764,38707304.84448,492429.04581,3261657.3575,9022524.40347,5462501.45697,11824753.16717,497811.18719,1011715.19861,4252480.36414,285882.67772,149508714.55296,26882012.18799,1665810.26479,17278511.56461,391402.2784,1471129.76116,,11918302.38388,1126200.5884,55844308.45669,554553.19066,1156329.24786,281130.68751,14207114.80677,362.7483,,83231994.1787,72350331.28971,39111309.9962,565691.86626,7512733.44224
03/2019,3939255.7558,39194.27251,420183.46391,551709.63978,430258.30489,590596.26081,,1742924.73534,231735.58535,2147276.57643,650746.53282,7853157.32341,46148.93791,3801460.8027,827535.89344,18165.47311,,,7164337.5879,120588.65271,1469204.3759,1970044.57309,219251313.76464,20005637.71357,1742455.1238,940837.23073,28831527.18766,270485.29283,788453.77175,1201550.60308,2388809.38924,,947631.63672,38467766.11583,384166.73932,3294776.78679,8541896.33832,6106320.95706,11554206.81955,461698.78991,947872.72475,4350380.30954,255266.06903,157236370.65905,26547628.6523,1614407.96826,17815291.24239,392536.54326,1432783.96593,,11966948.34044,1171078.1697,56847868.76405,547438.42589,1286307.17022,294036.675,13652776.01878,352.47038,,81658330.98793,73084109.45651,38931641.63439,583606.31757,8184296.68848
04/2019,4046485.80654,29893.37328,438366.4187,432081.47652,404290.09737,666292.31343,,1757593.09418,195440.12999,2263427.15008,649127.49088,7901659.07771,53703.17003,3448152.65054,832202.39737,52394.69713,,,6481915.33863,118089.29789,1615362.80897,1844618.41771,221233248.35709,19711173.5799,1873595.62221,937652.24102,28481514.69216,267152.99904,774589.05581,1115972.3612,2153533.19425,,1046197.45924,37526743.53229,359406.31178,3488580.82038,7945406.30789,5386983.28216,12119314.32853,463870.19468,948749.02387,4087617.5896,253747.99884,156225001.17026,26823524.1159,1661803.83862,16983030.14066,351624.28311,1441463.60373,,12164458.00912,1151595.58524,55571235.29853,603678.57123,1300645.89856,320612.65442,13650504.81702,216.75655,,82828740.88971,77282524.13966,37572625.35032,608909.89579,8911141.52536
05/2019,4114403.75155,27508.28599,419912.5615,364666.09909,438323.62687,723756.3091,,1781622.16947,189084.26053,2140497.56029,778080.72442,8310750.65322,65236.24959,3381273.76949,885261.96177,65294.35234,,,6915020.60018,128826.95641,1478874.94666,1925070.70849,214788057.2837,20357864.35583,1818928.68015,912424.81055,29264648.37262,265749.41312,683891.05398,1096604.43609,1936461.5434,,1317764.45739,38359642.46462,376689.00764,3589965.65127,7566642.42495,5759835.28946,12539467.14457,544805.96755,848026.63997,3965225.34896,245490.87615,161776101.69784,26790536.16681,1710468.68139,16866705.18086,365095.70021,1496698.57612,,12137607.86889,1104109.26417,58579569.39472,577801.03023,1175350.91237,304006.30413,13645317.2682,164.47667,,81597438.48499,75933905.23475,37839758.28489,560190.60584,9234091.97124
06/2019,4175605.72167,61008.85785,449983.57487,376733.65659,399720.40503,759738.70626,,1828770.63603,169062.96445,2130546.18023,451619.6143,8244800.34191,45578.68376,3369104.88528,878177.20029,85950.60569,,,7232197.34437,116005.56741,1542738.42366,1983106.17619,211618258.96499,23191924.741,1859419.77675,976444.10231,29497935.33511,278527.79903,717624.69773,1335140.52005,2165262.03067,,1404913.52035,38776145.39006,422386.78777,3996318.57864,7006465.75817,6870168.67426,12770108.66417,614012.62548,896283.31855,4245472.31054,247497.03596,160120722.07361,27755986.33901,1709752.67052,16395176.99869,371778.82289,1526279.35096,,12231345.62233,1205232.96486,57188189.99339,624684.37248,1142343.52522,280897.27302,13550287.41657,10066.64543,,84125824.83339,73458082.18725,38137682.53991,518470.39481,9586339.3481
07/2019,4257116.4278,31978.33439,377386.4575,392558.04788,421291.8046,924329.82819,,1792956.33827,171424.05089,2476970.22981,641965.14843,7718558.93084,49193.07343,3099331.29427,881015.73706,39313.4538,,,7636745.16467,113352.14125,1935101.53024,2224213.18826,219324554.96898,21899564.89155,1391196.21034,944784.38822,30776414.82132,301561.21008,732475.847,1350526.55595,2155478.26522,,1471762.40582,40041651.46479,431327.006,3961246.93456,5948031.16802,6448371.77172,12608455.39673,626104.65052,838988.12733,4077891.26993,243373.35571,165532873.33279,28618458.65529,1734929.33418,16939918.08665,418302.15933,1531029.75599,,12596712.53508,1227267.61215,61106971.94745,672335.71923,1260752.50388,262381.2593,13757260.75486,9900.81218,,82315665.9543,71022665.13139,40991939.03157,456420.67777,10159892.12257
08/2019,4363010.21854,72326.04133,489152.08936,474887.3627,379791.09273,832689.73269,2618669.15377,1878200.64147,180603.01005,2641746.24421,454214.94005,7640964.48238,33484.32306,3056734.63737,882326.31063,95495.34978,41158.07589,706376.04487,7799367.57308,110175.52977,1910442.91765,2170981.50736,215636003.66071,22279645.40415,1294024.57543,903156.65913,29829759.51955,353049.94415,668549.128,1229712.09282,2059218.13103,322246.1525,1694814.99096,41984165.72394,490873.32163,4004033.29722,4144831.24549,6701159.51024,13140424.26121,655705.34515,841978.40645,4403041.46384,232893.73406,161546828.01877,30682016.31034,1769518.01749,17082632.80716,403002.35862,1638077.97406,2731715.20999,12677161.53645,1122351.8614,62311092.29441,678210.28851,1048824.17325,328957.38117,13848320.01487,9664.65388,702392.16992,77026096.62356,104926322.79932,40152913.48187,397811.66408,10320332.8196
09/2019,4447866.76943,55191.89875,486142.27979,409086.14267,414994.32972,920088.98504,2596784.15469,1885981.90611,191244.50069,2197644.73821,535764.2337999999,7133411.03095,41441.466680000005,3269617.6812599995,891017.43185,65041.90182000001,34670.717430000004,678846.8692300001,7928628.037729999,123348.05153,2064985.65046,2228054.94927,219051883.98472,23425755.42946,1280113.1838299998,889724.4434300001,30319351.30994,416886.49434,738670.61072,1360483.3998899998,1696016.3956000002,286036.66836,1397871.0718000005,41171682.71603,411396.34712,3984273.80422,3340352.20316,6734132.68713,12998645.43686,602138.91142,767188.18251,4321415.31918,239519.36661000003,167587719.71265,30540129.061910003,1801879.72846,17344472.83356,402539.33288,1599588.70535,2758859.93083,12757968.13587,1230036.61462,60992535.28220999,677299.13218,1003245.41397,297822.40814,14045488.43851,9673.00835,737987.80053,74960951.26066001,94011221.63256,41129294.74339999,428216.48732,10697555.56076
10/2019,4489638.87501,46206.853440000006,355995.39293,464001.2061,362969.43087,1005024.11898,2772685.36193,1939529.51976,175620.1602,2410501.02405,644386.79071,7640009.07438,36820.34025,3145934.3676500004,879865.0283100001,50162.66179,34161.009900000005,623139.9754300001,7941758.58763,115661.2843,2253159.0863,2240313.12316,218962476.37391,25569600.521020003,1326577.29376,886732.9108899999,29395146.61326,354142.46777000005,687721.1183399999,1430408.9299100002,1781063.04148,404358.004,1613958.4114099997,40058582.39311,427521.59111,4043123.09635,2079017.5493,7889137.444060001,12982781.02466,577702.6969799999,724054.29349,4186525.44504,233233.32098,161350720.83749,30846958.91479,1833800.43764,18370075.50339,397794.79801,1552319.51134,3017425.18237,13007960.67496,1206339.98403,61878160.34194001,663255.65363,1016399.20453,283643.19458,13984528.88729,9390.94948,772263.35517,77639379.23417,90556616.99426,40769619.75155,518640.0093899999,11067123.09416
11/2019,4630279.31602,39260.61378,435768.62666,542941.51147,439136.94307,1080542.85988,2845586.38926,2058426.96308,234582.43558,2767117.30466,408114.25557,7262101.7451,41168.40379,3021852.7417300004,901473.22134,38248.2085,28875.0016,626988.9087799999,8065378.77153,112967.36069,2123400.9083,2162444.944,224452031.15063,26487541.2729,1282651.9282,855910.1633400001,30753173.72386,372327.78438,770278.6378799999,1323752.9207399995,2184543.18538,247147.47388,1442494.22213,41240912.29213,385054.08594,3921120.29873,2012136.11326,6771877.36362,13110269.80666,586956.07092,720237.38008,4475980.85642,234649.8433,167759833.56987998,32348881.886050005,1853155.74734,19080892.05243,370325.55771,1615010.2202400002,3194852.65068,13766057.38177,1233489.45439,63496949.33843,671603.3283,989174.09529,273949.7899,14317125.77374,9520.77089,866075.6730999999,77244915.55901,93615159.04911,41795935.39677,501680.85715,11929890.47099
12/2019,4811892.635410001,44239.38758,409532.93917,524821.55771,506039.11975,1199010.90277,2507007.63712,2038469.16173,197725.71772,2682926.6458,268625.45299,7621944.27256,53591.44594,3070570.8477199995,868820.96664,30581.92074,32833.18101000001,599861.85357,7897289.95191,133411.73278,2085778.17172,2237230.82662,227331619.96393,28245958.97414,1219324.31446,816795.89482,30604687.27492,340161.64847,730122.13147,1171021.80953,1992779.15935,324476.27861000004,1408098.41271,39614719.65692,442541.24895,3941007.40442,1953768.95028,6945606.690099999,12970868.777600002,594061.72169,785495.6094,4263061.207020001,233137.4221,167247421.12262,32450640.38663,1866722.79697,17169711.267799996,374053.22023,1594968.86549,2992425.4522,13620378.91878,1226256.77296,62924010.22121,710942.71999,1051836.83999,238444.26165,13843560.442,9213.31172,863026.75906,75308865.53958,95239973.6632,41883241.78159999,452762.2232,13052368.53852
01/2020,5167803.96165,19874.19073,1069998.50675,455115.58788,543419.21226,1550386.80703,2525722.99161,2144907.16137,191449.7446,2860616.6099400003,394669.82110000006,7159524.18989,105975.29951,3085379.5673,891362.6132499999,26482.49526,35982.70934,703935.4111099999,8891818.84841,105507.73576,2597903.1289600004,3357044.77897,231386431.88014,27667997.40206,1581588.0916000002,918643.71614,28284331.38492,655309.25854,736965.15049,1332968.23008,2325824.53447,212655.57902,1308283.95901,42553686.82432,663353.13517,4125073.8516600006,2106537.43678,6943126.09343,13725490.56034,592374.82011,880729.73367,4509627.3022,268073.92791,198808732.51641,35179411.06615,1983932.26197,19601164.61115,374764.65535,1665670.73046,3624815.01936,14629316.8128,1500116.1440699997,66615718.58682001,767480.4156399999,1083274.43369,270807.28048,14677113.62627,9135.48195,889016.28198,75339671.90844,103552666.02181,44355785.89283,633295.9571900001,14339420.28735
02/2020,5657059.321520001,93463.24874,623539.6746599999,681920.9730400001,520294.90657,1405529.72656,2531526.78572,2230045.14242,217944.83203,2949312.69712,580105.2749399999,8133660.85217,64866.88132000001,3108611.0479500005,911316.30183,25833.37872,41873.70597,588995.63559,10098009.13769,153282.35387000002,2590303.6437,2766665.36245,235169108.02675,28666457.45471,1545220.3284,813269.4648,31491442.47886,409856.28998,712432.4418700001,1746149.73643,2556631.61278,199451.35154000003,1107162.30849,44389170.94046,667624.48777,4368283.81121,2049957.45869,7025668.908500001,13854025.692249998,637709.23076,810861.08069,4662099.35471,273904.43616000004,218548367.73465,36086680.0966,2063998.50008,20276967.91845,443121.47783,1662890.1315199998,3664955.54237,14648399.73596,1566796.68535,68423769.54076,670531.49218,1388514.44953,282845.01716,14741435.955789998,59163.8332,857870.07447,78428153.84109,114656195.99166,45342084.04581,470413.94608,15534439.0963
03/2020,5977739.79246,77235.85889,674544.60825,521356.1678799999,605232.71874,1390800.1729100002,2581485.2866700003,2255243.81472,212172.0836,2967812.51914,747677.38147,8191274.243280001,66013.74357,3297435.59036,935576.85142,43547.38997,43857.32608,531432.72939,9808119.36024,111369.12547,2449481.73105,3380382.63715,237888430.31553,29055405.43455,1786197.47018,800811.5366100001,33147972.8406,248834.35799,650825.21349,1788304.20931,2298214.29951,212372.52599,990095.22323,45755306.088690005,679210.9546599999,4519124.773700001,2023866.01269,6479427.512669999,13859215.41122,608696.96822,1076495.72579,4990867.812639999,221183.48816,198627896.63096,38322630.84731,2050330.361,20737325.65945,486837.301,1633102.04391,3624594.18082,14924458.517949998,1554795.86315,69051932.72382,689186.63957,1059944.97983,279795.90454,14695132.5334,108168.86168,774145.7576,78223106.15976998,125288209.18753,45889556.97534,466390.86385,16690405.00116
04/2020,6142117.16183,37430.02736,1212582.40192,584100.04053,523769.6122699999,1414998.1882699998,2510776.96209,2266745.13112,361265.96425,3125548.8476499994,565143.01407,8533448.3301,49184.20542,3640013.56726,943738.89641,51252.06779,33015.156,575362.55554,10113806.45667,99759.24873,1965922.72676,2985773.99934,247673701.7256,27713404.16105,1723631.05175,857268.38491,35488331.408,271068.62127,726117.5629100001,1909407.35095,1918158.78006,243819.51619,1230520.6714800005,47758680.08604,579339.12753,4180897.03988,2999417.76186,7211848.03372,15085474.223689998,692936.82657,976626.06557,4853136.499439999,242875.89647,195531216.41828,38849113.63542999,2254696.67766,20527351.48613,396338.97334,1636905.76853,3876080.59356,15977203.86813,1537683.78847,73270243.79881,704813.15786,998312.65587,255046.27278,15984458.35055,68740.65634999999,705963.45228,85036024.30139,116073018.09735,50130978.99781,408828.31714,17711716.082679998
05/2020,6210075.52106,39959.90369,1287138.79417,675060.30175,519413.29901,1326246.2365400002,2484189.71564,2242816.2753000003,240713.33746,2869558.24727,512422.85118,8562970.87395,88179.6045,3583138.24213,922246.79857,54082.9445,32651.56989000001,550760.4310500001,10074326.51415,85940.71769,1936612.4187,2722289.79346,253215920.94322,19748900.518310003,1890414.0862,854238.34953,34901006.28031,221216.17985,713955.26651,1682539.63341,1763446.5304800002,213793.1419,1141734.95618,46761885.33788,707379.47969,4107962.3449,3081212.3669700003,6093277.44127,14451310.69759,659415.81879,986128.18802,5207929.627969999,226028.30304,193779545.58689,36013947.575550005,2183578.27249,19365168.578750003,441294.96417,1785929.20891,3610753.7861,15568443.10294,1534198.87058,75150829.5663,718792.8400099999,927712.54549,270141.87757,15910429.4228,34014.94791,839137.2137000001,83408511.53432,126558244.95796,49668871.59308,409056.26878,18489053.04896
06/2020,6316856.50501,88286.70087,1202306.61814,731591.65998,536793.86567,1531182.91374,2438617.01823,2242525.52722,201461.20212,3158489.8962300005,843471.40504,8193369.447699999,75457.439,3769170.26114,950648.57913,45188.36989,42635.77001,498427.16241,10179251.74891,87628.30291,1963403.27141,3009679.0796,257963808.89401,21072190.58266,1994517.55639,864885.2328400001,34479150.54553,244349.99659,762133.9533299999,1837715.26851,2515551.27552,169826.76804999998,1312877.34363,47810965.9198,703729.1207099999,4124823.73888,2486343.7432,6356936.938870001,14494189.101240002,641459.29281,882162.07507,5796016.73407,232892.39122,192467523.38433,36779604.32775,2135204.0862100003,19110170.67422,417552.53089,1810039.27474,3646876.5779900006,15783276.86348,1565993.0647,75738886.95744,827580.2686600001,1190502.15606,299351.75229,15870959.36754,37112.30734,746582.0086399999,85928231.87654,131879236.46126,50474406.24533,401823.29264000006,19032324.30363
07/2020,6503460.652469999,33316.808789999995,1437599.1113300002,751816.96813,527570.46319,1592950.1570100002,2449288.05882,2312180.12597,209275.93519,3795037.90354,529895.08488,7464939.150579999,60265.64974,4204819.0338200005,983127.6904,51721.14887,31551.37454,500982.34824,10933324.9828,95302.35628,2163811.27338,3018736.10092,263845032.80181003,24376616.09833,2025600.83649,910844.42319,34520108.27182001,326260.15072,707823.3616699999,1715502.52674,2396709.9998000003,160518.52888,1661014.77915,47941515.196940005,1138188.66744,4103420.92564,2383634.1164800003,6230823.033950001,15053805.93697,630705.3618800001,908520.33201,5426354.65519,269484.67509,179789412.58844,38554817.3374,2163188.69425,19749071.60552,418384.5168,1869353.95966,3990387.49264,16034091.60037,1539667.67141,78921595.28102,987141.04004,1372769.6847100002,376772.06025,16168906.32952,64188.22127999999,801360.29813,92321848.54946,131691231.79816,53028683.11469,431476.33067,19397562.73187
08/2020,6649032.87836,28332.056870000004,1236913.39379,786275.59451,540756.65923,1426964.4924499998,2416819.13473,2480748.79656,223535.34618,4303002.34981,685166.8939200001,8065987.82604,86772.80319,3583238.22842,988965.04185,41957.51293,101907.69671,620321.53065,10726816.01898,94907.60428,2247405.79134,2902118.23893,269661858.6256,24649403.7836,2028870.01789,938991.27961,37021360.47724,325533.14915,875315.44669,1908004.32809,2379161.05472,172075.85051000002,1242857.94987,51511324.8412,1049149.2609400002,3936625.25822,2676419.51855,7063105.246560001,15275275.638529995,748071.84901,918278.4412399998,5472718.719860001,294253.88457,180743175.47094,40925031.55384,2226563.23221,20734024.778890003,436370.12398,1967129.64794,4643558.98944,16831207.56255,1636037.2724499998,80347046.76337,942825.29682,1494483.9970399998,376890.69801000005,16290440.62012,65282.00631,827549.94485,101681040.76817,138237128.26303,56721524.12758,440147.4529,21042817.43648
09/2020,6781696.69134,25276.7884,935462.0091,769334.97997,566751.2931700001,1565478.27516,2373960.21706,2560141.35323,299707.88056,3847386.34521,600550.22444,8121072.408170001,59632.97757,2950666.10877,1014844.97069,73417.16664000001,108598.3697,531038.2214,11032783.13286,93246.09607,3190311.21243,3163564.94359,272250945.38302,25395415.0242,2167652.77008,969344.80048,37610917.4593,338435.85281,879423.92061,2183904.12944,2826975.35139,204081.90232,1101648.18357,52304232.63437,1171678.20175,3728032.39403,2465195.61769,7443927.212099999,15326693.94416,753816.73877,920190.63341,5852564.114349999,280674.13778999995,176085493.24407998,42642138.13357,2244713.45441,21178873.90518,441254.27442,1989447.22089,4489521.10288,17178429.01129,1724318.1935900005,80895307.13500999,1011852.58084,1770615.43608,339780.71109,16323393.39654,66117.66145999999,1002543.47367,97334213.94376,137221937.14144,55126746.49285,408435.25753,21398017.20202
10/2020,7121544.458710001,27893.49016,827081.8765700001,954410.64098,686329.0682,1657950.82089,2429463.73408,2669512.11169,252085.36343000003,3735836.8876,927066.4808,7978944.30325,51936.27952,3152804.47195,1034838.25877,35674.74324,156748.29309,599039.46448,11916232.8311,94614.42326,3097038.31871,2879231.01146,281899048.70887,27090310.69629,1913013.71834,1018837.11631,39529029.70099,300581.78931,836472.49198,2388659.29424,2360057.54027,200669.36181,1193195.41479,58185059.48163,1479610.34863,3675246.08783,2713089.30647,8808212.96798,16031232.95371,735361.2444600001,1153108.81318,5453946.329349999,345462.5825000001,182615982.1934,44171047.45824,2191740.79826,21962237.12444,465262.12304,2076807.85591,4784214.36011,17729035.590129998,1841522.81036,84059356.3796,1155454.5571,1819240.21267,351441.69253,16444634.76701,69545.63844000001,897325.41483,96863524.55481,140795524.17281,57211121.47531,404034.60746,22569289.5927
11/2020,7316448.673119999,31960.783290000003,803798.55908,803630.7325599999,676396.6767300001,1809580.13833,2444796.5342,2673210.02752,338463.04739,3642364.21619,550793.7403,8616281.988810001,78093.28081,3336176.20862,1143279.59641,36254.0418,104946.01306,592804.22364,12481629.37413,175986.0413,3260160.23643,3229690.6908,286847268.50318,25581604.45263,1896402.47026,1001846.23077,40916484.16598,407330.70828,940933.94044,2415339.62081,3148468.0601,214780.23653,1183053.70531,58234807.32481,1488580.04112,3679328.76806,3108711.6236400004,8699830.514069999,16356755.5337,681451.21684,1122194.5415299998,5364297.619479999,343341.15501,187616938.9783,44038716.92071,2182386.4009199995,20629144.28504,469999.32105,2079459.17051,4587557.941989999,17690809.20469,1850424.64751,85521712.90151,1147284.04061,1847538.91128,340378.67957000004,17861326.23313,85045.24644,926513.67177,99611390.34407,142347906.6753,58187423.70674,411010.5367,23594322.15946
12/2020,7502286.2577,44448.73981,845856.6010699999,739722.45836,626494.54256,1991703.52667,2396137.25864,2673872.35622,346158.56867,4167117.31686,685967.59349,8686817.5372,57823.02421999999,3102764.73525,1208338.85598,40378.25071,69217.03633999999,600394.08244,12993810.86196,230934.51919,3325480.73048,3074808.08854,290998501.01780003,27593593.77972,2065755.26318,996159.58429,43044045.77607,245761.53528,1042593.99855,2375866.73062,3048707.76382,181231.62424,958604.33914,57705601.15196,1700884.7642400002,3661419.29487,2322882.69591,8367797.52041,16854863.711420003,593238.5251200001,1284936.8855400002,5397682.347469999,360209.38238,183772586.86545,44512927.96211,2334917.88808,21158350.54202,504597.0923800001,2065104.89707,4535802.09896,17607597.72617,2178418.0037,84554127.38657,1201394.28155,1955870.41826,330908.34148,17265472.28437,82262.78185999999,1030780.35428,106022148.36632998,135642292.49115998,60252411.691860005,426660.80925,24425656.87926
01/2021,7588331.980049999,31829.99474,1220911.37197,903515.03576,908745.67088,2022458.32418,2473639.2388699995,2775832.63124,279207.32679,5181465.7471,789621.5741900001,9421490.84852,124909.6075,3273081.09448,1259603.58056,42249.95565,133815.69806999998,706823.25659,14448222.41057,203362.98915,3894455.72846,4027876.78807,309536165.80741,25062859.44085,2077731.66292,988950.45367,42352596.83502,360774.65389,1070604.00725,2060326.02398,3836418.76903,196586.02772,987946.38664,57307480.32863,1535079.76997,3763956.77025,2152767.56209,7343166.69204,18110379.37844,641927.3994,1535407.7352099998,6867368.90786,416194.28122,184886207.47488,47617137.837560005,2452283.45079,26598610.76774,527586.56039,2254256.29295,5422863.509339999,18245120.5416,2143884.61894,88163375.95824999,1354780.80907,2525820.19517,547016.19554,17143062.9475,96760.84764,1550864.2813,114640731.71914,126570817.46599,62247489.16977,516522.28845,27375256.31967
02/2021,7925724.76504,52295.59641,679001.19863,1032361.8576600002,908501.10426,2157542.1339700003,2436650.70296,2698178.07988,283254.09035,6184667.8534,708900.8282,8542044.10909,64181.93994,3058099.84248,1225765.91833,41415.00126,94119.13668999998,695562.69719,14798780.57276,86029.52471,3665547.42495,3332191.21385,301150479.64829,25053154.71261,2364748.72244,959045.19127,42626648.42645001,298688.77823000005,1023024.57351,2580149.3585499995,3996889.97745,260122.67587000004,1157914.86433,61289827.89811,1557290.1148400002,3559745.81268,2035001.85072,7946958.03527,18016280.05825,707476.01006,1389148.34792,6131206.158009999,515730.56463,194253955.46931,46753991.91544,2674562.9304,25541340.52809,471534.47535,2097010.39855,5040853.15587,17788878.01655,1951226.84644,89834157.95132999,1358825.48019,2057843.14893,477980.52739,17112635.38825,82701.22518,1243441.00668,112671166.22074,124849925.78813,59866345.26138,515389.86025,28060155.55433
03/2021,8061546.97283,13932.65477,714122.06122,946705.22209,1120259.8119,2189854.03446,2586915.2642500005,2742187.4055500003,276624.08865,4837866.408799999,866419.0066000001,8367950.830330001,77755.99852000001,3209731.55457,1212040.71323,39889.43851,52713.65224,749468.2880899999,15179176.7952,86152.60272000001,3947659.99105,3423988.9677600004,302321979.93754,24939449.12779,2156886.24549,938393.92803,41966280.2913,319497.32667,886979.85376,2974317.23301,3496113.29943,319515.75521,1387432.86526,60692474.66769,1512188.45301,3579123.19996,2059307.56375,7152213.004110001,17778250.970870003,727594.67988,1482518.59227,6227054.510989999,469908.74191,195958463.02735,49072607.73685999,2772852.26297,23938497.31973,490778.53605,2109990.3216599994,5034355.7234,18029259.68882,1960282.651,90694845.89217,1473481.12556,2480281.12833,449428.54957,17009835.116210002,84862.34008000001,1376602.84424,118109982.49698,123968238.00266,57407557.30046,502922.06618,29047394.11309
04/2021,8292080.05124,22969.2861,571600.18725,1071566.52503,817907.02109,1882416.28157,2590601.62452,2780797.04445,308273.98176,5797530.4356,923009.48934,9026963.11112,49443.18205,3111173.13211,1237937.55816,28617.06811,55732.06459000001,870994.4074799999,14487503.2231,103431.94072,4507216.97998,3595210.49743,300277598.7167,24192716.98742,2482636.01056,943068.20042,42819880.5331,260682.04426,851056.4764600002,3033263.19185,2814714.51608,298938.93792,1716700.62033,66780047.21908001,1838426.80349,3595462.07895,2229141.7685,7118407.306380001,18050045.2255,652163.63373,1148554.47608,6261440.09365,409691.49782,207928347.51226,49068606.20815,2813268.3360800003,23799526.86594,489809.07883,2157237.66625,5308232.944150001,18366759.73572,2299275.08486,91197448.70177,1530476.6064300002,2158633.26854,449832.16528,17561537.6312,82423.84792999999,1243499.34727,124381782.83049,112984577.88301,56671209.51348,522087.10876,30145472.32588
05/2021,8439382.75958,22320.87854,637014.00407,939380.27861,697467.7799,1884738.00378,2495855.1115,2643951.62934,366222.28487999993,5697110.49873,800252.42478,9802707.01228,98917.87434,3258107.59773,1253859.4123399998,28183.633030000005,62530.93624,763623.6028000001,13992984.15884,129470.24644,4502692.79226,3598981.56012,298522361.32706004,24467453.3551,2768715.38522,929311.08524,40593064.04742,618803.04855,839503.89928,2942642.7813,3546476.62988,314990.82302,2142973.00625,71215472.90506,1852001.60467,3711861.43305,2035075.37277,8192924.212100001,18085041.18838,792594.1756900001,1174781.16301,6247094.529829999,460792.16276,209270541.8541,47950586.13721,2860751.35713,24073123.3341,476293.03761,2157771.6231100005,5320003.14311,18103157.00749,2506708.34124,95369805.95191,1355693.23339,1757128.1417,517188.50285,17661837.10329,85178.44659,1194442.26697,126681536.37845,117414353.71468998,57577724.69769,432471.14311,31433021.30703
06/2021,8791784.64003,6351.16036,636306.15534,901936.19244,782983.7973999999,1951468.06613,2462417.4308,2777006.9556,723189.49076,6903608.00168,769686.50871,9708381.36939,42850.83970999999,3309348.1591,1293189.0095600002,63440.1149,56838.74197,841824.33227,13999095.54552,118714.12430999998,4468700.48238,3655799.04392,298210960.0136,23848748.21428,2763760.9268,913351.32404,43409295.89368,365895.33744,825323.84017,3043554.70833,4155444.86066,344540.28947,2324343.44004,67117502.4201,3243390.51304,3824997.89321,2161098.5726500005,8236473.274309999,18436251.89719,661511.1157300001,1240767.48044,6855467.0761,448968.37951,209882613.83378,48854181.74502,3053360.32672,25111749.39341,487671.02587,2147312.72847,5488622.72835,18367057.10501,2479173.85653,96713328.49372,1384989.20027,1682082.74182,549894.1665899999,17308933.12092,77868.53252000001,1173841.8225,129892288.3351,107392921.50729,59014515.59882,602757.7847900001,31089254.538280003
07/2021,9096277.72752,5184.01925,602176.20059,943992.37721,813566.63381,2006902.00069,2459269.94278,2885355.71014,471852.20287,7353440.826760001,843137.3464400001,9346297.02975,43678.3383,3187122.95548,1388231.46693,68047.86905000001,54772.5061,807667.8906899999,14191914.315040002,105216.48407,4631742.55918,4203436.857720001,304872958.61147994,24518630.02841,2814668.6355700004,972407.78123,42215639.06941,651286.8639700001,937883.79483,3136498.11376,4233754.61565,346832.06440000003,2748438.31962,70166755.03076,5165443.212590001,3896965.24942,2239677.47586,8778320.15167,18730114.62883,900185.27063,1235952.24317,7135384.778790001,436162.73473,202665630.01735,48162382.78,2747380.89024,25886031.74906,521113.59441,2057776.96353,6205257.40983,18199026.54069,2561729.25091,98032103.67041,1510985.1499299998,1660052.7939600002,567325.04354,17037167.70051,64273.80291,1280743.65558,137136928.82419,108337079.69664,59686649.80968,667112.2041799999,32519933.49261
08/2021,9844010.74738,17642.82406,701786.6220999999,949975.93442,872485.62603,1908809.594,2339743.07946,2903313.07249,430185.0004,8540133.01908,926805.83298,10065288.33353,79410.9919,2811058.23821,1442207.69966,54640.03335,88443.81857999999,867406.86076,13699469.01955,118046.17698,4985411.1353,3866384.55014,299573742.2564,26794385.78276,2718951.1308,965711.06481,43683165.85397,410888.10699000006,779225.635,3416694.2878500004,4477148.73011,432935.42225,3042135.48461,82153331.07197,5047002.88277,4061357.82025,2648595.01544,9007788.4532,19089703.48703,945569.11745,1235213.2271599998,7239263.57199,378823.05132,198931672.90909,48724642.95152,2800352.35342,25065065.12811,519750.83769,2092188.591,5686801.2288,19035108.56529,2558047.2067400003,100173311.38898,1500416.87629,1753103.62162,899690.9291,17339754.964530002,71707.72284,1252601.10227,130876715.84038,100710120.76359,59238109.76307,675867.54003,33694685.32197
09/2021,10237797.82888,18577.00905,685479.3346700001,953676.68401,843478.71245,1990125.79511,2346118.38944,3030803.58575,437549.48647,9144468.46047,817690.0182299999,9718894.14878,34890.54733,2788364.75177,1419151.93971,54024.21845000001,87492.36524,854573.4380199999,14402619.2693,146081.73778,5436610.44007,3794000.51875,296549070.78828,31892787.74918,2924572.42732,1011813.70096,43228058.80818,374828.58604,790797.43197,3433308.33043,4118021.61242,518216.68926,2938921.7137200003,73899677.29263,5121726.695839999,4102495.22367,3044089.28931,10610538.982260002,19450443.06564,928765.07199,1180296.8943,7328392.0008,405552.03845,182973537.76317,49799787.00358,2806926.4632,26345837.498790003,520997.10367,2093827.88184,5949090.662950001,18615476.56255,2586852.33438,101087646.80058,1543496.61037,1707659.62621,730451.3006,17130659.46209,72213.61946,1268549.7159699998,134524377.22921,95146043.67263,59642162.45374001,768034.4693,34680686.760589994
10/2021,11061338.59111,28069.25785,759874.73645,1022996.52542,889660.0091299999,2144713.36642,2392681.20616,3226719.8056400004,358876.68467000005,8967562.09353,912718.71641,10425387.9798,38632.15334,2935054.3749400005,1440990.8836899998,50344.900010000005,127560.1974,987536.22353,14644202.289089998,142115.43546,5414662.89889,3880721.45532,298915569.49935,31384994.458060004,2713481.18605,1040120.33436,46820620.6456,428330.23413,784341.71891,3864517.7325,4030386.943010001,625076.2065300001,3192930.7183700004,84147765.52996,4283857.79674,4276117.231029999,3279162.52489,11391196.69372,20435731.7011,907901.26366,1375686.851,7790166.313449999,415480.6069,188188818.49049,51859869.19775,2942063.68555,28417713.35385,527983.54308,2176970.64281,6533596.07857,19230982.15883,2554067.25064,101926396.91312,1665468.61212,1996024.20578,799234.7161600001,17590196.01553,68524.15739,1183325.68637,126402948.35101,91105118.29533,64387949.65991,959551.85646,34638116.45301
11/2021,11460608.73504,12737.97514,740326.5784499999,986318.08338,924044.69127,2102231.4720300003,2668558.58273,3231452.67041,256271.248,8608807.218239998,1021967.05343,13665926.56813,65246.62259,2727465.73078,1404562.52276,47643.17558,154154.49910000002,971564.50555,15421724.23193,187120.41557,7723918.881969999,3790085.74052,297433731.72275,33873025.80732,3203874.24702,973896.51822,47639370.649,393233.58239000005,751346.29148,3674125.21039,4126484.9869,592338.1364900001,3075667.67113,81707930.59357,4055047.26027,4257645.25115,4086050.2039700006,10291777.25876,20746431.800630003,788148.6906999999,1335214.41641,8129492.72167,386238.61705,180008976.79290998,51334083.798980005,2978762.7730900003,27234103.91159,546968.26419,2226987.57192,6301969.90536,19149706.53573,2777538.82118,104655098.93314,1700307.9107,1719193.77937,801983.39353,18815271.03631,65466.59882,1276496.16149,124509956.33361,96988691.75295,62278273.43874999,1138555.07033,36378295.12135
12/2021,11258125.680379998,13890.4013,830333.1066099999,1129189.18454,1210970.87165,2048281.46194,2634810.62496,3330737.68795,384531.57878,10898178.01703,1004469.64589,14141334.50098,33870.70863,2879978.12506,1534449.98436,69098.33270999999,157363.2943,782799.80288,16753113.52738,172498.21906,8706620.21587,4219634.49531,299998902.64185,35540127.45667,3305059.82636,995661.24655,48593233.39689,329980.88761,827775.5121800001,3218093.0890200003,4176819.27425,622094.37068,2880359.80564,81056857.44473,2495589.44076,4188390.61171,3749839.08205,10347922.61656,21275512.4968,742038.2337999999,1323653.16643,8380983.00235,447662.27001,180383154.56876,54201391.8337,3209765.0539,30599824.69445,531759.7628,2290382.7646,6708454.41224,19208774.430680003,2957374.7594799995,105402058.917,1937889.74098,1991900.8022,850232.5074,19176339.76445,79123.88156,1461034.25268,119007403.45648,98499605.20947,63725420.45663,1367485.07268,37432338.95506
01/2022,11533922.165709998,8078.78964,1164335.08025,1185367.9036499998,1121842.28915,2322475.66916,2473268.64505,3589950.8135200003,504964.87141,7697310.588570001,820385.71683,14481740.281859998,88328.23127,3151046.50633,1767483.66695,37175.6954,182189.20627,990432.38947,17396859.41686,144072.13088,9228785.68056,7272872.03099,321705423.81938,30378898.92427,3020201.13447,978742.31717,45741242.17555999,701159.6391500001,1076850.23446,3159613.1018799995,4964040.3225,551516.2006000001,2754676.23984,80648383.51662,2708486.95215,4160256.52803,3792783.55191,9005542.12754,24296006.74148,710921.3800799999,1784124.88538,9332449.38907,573549.56641,188933316.83892,56867213.26148,3576017.83485,37014989.51506,527985.35555,2388231.28277,7281580.37314,20474625.60297,3586813.26742,107296761.72406,2242157.25879,2178082.08213,1090150.2492,22818511.0494,41472.93248,1826497.25828,121473149.95263,96716590.27499,66124984.70566,1330521.2446,42765180.07228
02/2022,11370047.18355,9419.3262,1045432.24755,1106144.13264,1238631.89314,3088077.8442800003,2386739.4679,3429793.79149,265498.95422,7426868.83235,1023406.41183,16003558.50349,49724.72079000001,3154168.97573,1656064.89975,34065.16205,191877.5407,1029407.08256,18459487.68046,163370.27219999998,8232273.68719,4775624.29715,302495373.53632,32000238.26536,3619806.71637,929477.49913,50839629.23852,449155.41488,880050.0316499999,3065883.93022,4008489.57663,339873.89251000003,2741661.5293300003,90961845.18418,2736510.74827,4057170.33806,3901974.05581,9256454.10393,23147565.14115,831221.94047,1563537.0240699998,8563031.12909,591290.00236,181516113.84348,54677105.31027,3301682.70019,36170002.6725,491875.31726,2300642.6268700003,6648593.580409999,20514676.64956,2872723.37368,109500888.44494,2071053.79202,2069680.29909,998013.47685,22355019.16883,39401.21192,1567919.25948,117319419.27059,99865118.83433,64993344.52869,1151743.35514,42277614.02256
03/2022,11465532.32979,9549.32072,1004810.5493900001,1207362.229,980514.70868,3504323.27526,2381092.99721,3646397.9958099998,214499.18980000002,6829354.897970001,1038780.0103300001,15082311.493149998,37471.604759999995,2596929.5867,1538151.63849,34091.62646,181784.43495,936849.4685000001,15458348.66788,146703.55889000001,8117580.108259999,4210397.937539999,295391610.7135,30893656.58363,3525035.7142000003,874415.45757,49159943.37563,367173.15374,679716.56796,2596196.3668099996,3236630.40216,251402.73192000002,3066649.8968,78603268.00134,2613666.53116,3860922.92098,3290921.90156,6940451.670759999,22512172.35993,724882.41981,1547557.7573,8506485.26124,559004.42692,187243085.03185,55790352.02623,3059110.7350800005,28453366.561479997,â€¦,2240034.97454,6031212.50865,20130140.55393,2844845.43153,113465579.47953,1860964.6362400001,1528306.05171,924330.59126,20445872.018540002,56328.54019,1420482.9092899999,119162999.26474,89934350.78848,67779837.41539001,1106406.14393,42236373.43955
04/2022,11683489.43082,6478.18847,1126406.15237,1116601.0142,1164249.22342,4014965.49431,2276111.9421200003,3452312.37827,256894.19123,6353757.683610001,1483220.8230599998,13489358.78362,29751.72145,2136307.3759600003,1533388.40393,37391.29129000001,173517.16909,872490.07834,15029323.9118,145099.27719999998,7077902.88576,3718953.38366,343715311.23309,32329202.51672,3501818.34508,867184.0686400001,54510811.65874,280381.06013,643842.6344699999,1942738.40696,3069362.9937100005,251139.80757,1986347.36169,74714474.93729,1867673.17352,3688190.11184,3569826.2366,7583639.07915,23736666.56928,732976.7348300001,1450994.5210000002,6919548.75477,624939.9886,191649538.33469,60178211.6777,3138861.01143,24338265.70838,461420.77567,2147201.85799,6322503.7369800005,19719935.96738,2244977.18775,113254902.01366,1730112.39523,1198155.6566499998,850914.51949,20320404.78773,56046.8299,1302522.89346,112652383.35246,87698739.74183999,72401410.71398,1125908.0540099998,48938525.25211
05/2022,10991873.14373,9617.24334,1059055.10865,1061536.9374300002,1049850.4321400002,3958376.86093,2248205.31294,3353307.47388,238834.61377,5699059.30479,1340328.7601200002,13436047.86173,46265.4824,2445867.01025,1540538.51785,39749.16698,141870.47214,826660.7213600001,14897900.25735,143424.19610000003,7213168.14711,3415789.18535,355191559.52155995,34964807.11083,3004866.60651,864598.5926099999,55663806.35771,261982.40471,720958.85212,1895465.85804,3541281.34964,260382.92573,1617808.0871100002,75771699.24125,2078502.15145,3821082.95078,3641928.22954,8046301.50864,23591799.332920004,621217.50361,1521263.20954,6790191.005770001,411968.8654,205612109.20468,62196192.93082,3441073.54597,25021966.92689,381510.07063,2131527.44835,6440839.86996,20253999.38189,2173927.0240800004,116761687.55926,1709727.2184799998,1731976.1572500002,861504.6373800001,21392247.61056,58654.99217,1369548.4040800002,114648763.73333,91837539.09932,73693301.66129999,1078313.18239,48750200.92461
06/2022,11283730.29947,8347.996179999998,1009036.81335,952875.51802,970313.70115,3617091.03265,2183996.1282,3381063.17314,220540.10071,5702221.98071,1471415.67234,13620112.46582,32642.99983,2737653.58514,1651537.19982,33763.43524,140243.77836000003,812751.69151,15190119.6509,142554.83703999998,7182268.4682,3237740.29021,363851736.2475301,34367783.03681,3090872.24731,899753.5462599999,54426454.36833,255868.17164,814356.42966,1538167.44001,4072289.61334,246754.55411,540932.47168,74636949.47656,2324619.59761,3842456.88187,3848524.8436,6872671.824560001,24567503.03494,537577.42922,1372827.5252200002,6684382.759559999,508261.36649,198682057.20938,61403917.057500005,3741041.33261,23321101.26635,386748.99098,2230518.48442,6504310.31066,20929866.085860003,2259417.73811,118815855.49895,1627227.68954,1853885.61476,885628.80033,20986838.246270005,58395.45688,1267176.89384,117713067.89307,93090139.93107,74736771.30282001,1074744.63467,46834874.08437
07/2022,11322782.38221,5020.49085,870529.05907,1127425.85159,945686.48593,3113315.99704,2226981.16921,3635868.17299,236896.02823000005,4672872.24523,2071775.96999,17251339.89266,39529.35551,2134278.11572,1642513.10509,30318.41246,144881.42668,849388.97006,14232937.8604,147482.29917999997,7331875.46603,4375875.22925,382625515.63808,33009975.96869,3202562.18602,922770.33499,52062998.63882001,287115.20065,732482.81415,1870966.94044,4241816.29059,268842.8914,542707.1009300001,77484848.82149,2442229.28006,3770491.65806,4343031.2099,7721167.672610001,25758881.33753,526460.7943999999,1663713.95624,7404793.70523,665018.4379799999,196332413.9151,61132364.07867,3375495.0793000003,23936216.50867,383742.92989,2179733.75243,6722072.7659,21066788.616209995,2406036.41427,120778477.5459,1610022.0146200005,1949318.79721,777436.0415599999,22043113.21718,51769.55968,1485265.2616100002,142315761.68423998,99600849.27447,75915180.48717,1035052.64684,48480028.4783
08/2022,11818659.67923,3542.1412199999995,840603.53769,1083081.98216,1001121.29247,3149968.8272100003,2275127.67776,3590687.70254,219424.65967,4906713.77717,2388196.0923899994,17191772.334289998,47883.08091,2082829.00127,1804158.48946,22273.31187,142876.08989,966406.61369,14568448.75047,149630.10087,7214791.098780001,4252228.85795,403998014.56033,38887949.73878,3065010.36174,963580.73058,56886306.65162001,317347.30492,875695.64318,2186865.65964,4940398.115309999,309218.29767,508982.58052,82122292.28518,2767998.01336,3875427.64602,5789626.008049999,10016430.463,27670223.05331,633477.6313700001,2182293.47601,7495907.10133,536841.4106899999,199904867.20436004,65554179.26639,3558674.80755,25966093.00724,437727.18871,2309553.09821,7555900.53938,22647507.05515,2612037.30775,128491952.93077,1652523.5840599998,2150890.76805,802345.2197799999,23129054.86705,57093.57208,1277160.50814,163044915.50868,110320505.40216,84541439.54434,1058637.98257,52732184.780030005
09/2022,11934853.671999998,9542.74468,816736.4751,1002345.03695,892771.6233399999,2983786.45112,2153448.78737,3769359.75658,273253.65666000004,5240065.64573,5745556.66889,17495283.85751,33125.60618,2226807.19796,1803604.67612,25114.22613,120674.04119000002,1122568.49158,15068092.96203,61943.06601,7000293.30452,4638392.724359999,408737244.3993,40410126.32491,3356394.27026,959811.48204,57314617.82317,290782.42710000003,829811.19287,1821634.88465,5021400.93404,314745.29364,492284.94518,78980089.69875,3089782.44199,3747281.58322,5858929.0552900005,8914368.763729999,28839452.834950004,516567.78113,1707543.47983,8590160.404099999,554347.3184,204741905.28493,65656307.08921,3521048.00985,25647171.59007,437868.72331999993,2409807.62083,7491960.82185,22734384.4782,2605400.54502,126869759.32565,1620629.6938200002,2187809.4256200003,912830.14642,22773982.59978,57294.22272,1275498.49113,133743094.92939,108422475.41706,83615256.43669,1251410.48305,53959841.218150005
10/2022,12949773.33536,4790.95619,816787.52263,1308193.75194,946490.32551,3115889.47667,2108834.60703,3772041.68622,671930.4857099999,4869738.1516,5712381.07991,18688314.57849,50607.98788,2582761.3926,1748781.65865,18956.03558,114569.12847999998,1021724.38147,15199510.74267,57827.74145,8030803.101500001,4381369.734119999,416148362.37939,41736516.21676001,3384470.24709,945411.82886,57144594.96051,357239.15457,879288.08918,1609895.05404,4960596.34731,365856.3935,505604.87029,81753395.76257999,2823522.6317,3796840.51611,5825361.71976,9774972.69831,29639207.52779,519627.23894,1639090.27913,9559267.70853,560868.24598,206324820.9897,65429245.13057,3540764.4519,26387541.02853,419799.15167,2337852.12834,7638634.84188,22367083.31925,2743186.1558700004,128883828.97196,1636107.15774,2341207.42913,851866.4031000001,22564281.54997,56107.17443,1564597.3570200002,153722824.09552002,116490807.57333998,82690109.08755,1479051.0838,57839567.98535
11/2022,13091661.4653,4011.6321,990714.85996,1263902.06876,1026501.20243,2950402.18727,2115190.16905,4098967.65612,291008.86711,5037602.82021,6262836.67504,18453191.28115,35921.081190000004,2321302.31675,1729373.34285,22263.38083,124312.20529,1000639.94649,15820648.36549,58588.95729,8132718.85422,4962062.91275,425980370.21336,44644961.81611,3819562.83656,945806.69459,58623832.67044,347587.58075,943362.88342,2199742.41188,4945975.79501,356098.54954000004,272531.85591,86963001.57595001,2323046.5009,3742260.70282,5364382.8162,10589581.8798,30338858.60317,540021.41896,1409046.7320500002,9233848.55474,580484.84166,208845123.35176,70052509.81184,3947510.84377,28358083.35234,442961.29245,2354993.4924600003,7889799.159399999,23180946.00569,2698720.26094,133714228.39684,1599620.10577,2853308.76367,904468.5378,22862574.20006,56118.05515,1606886.87828,177286500.47954,120070228.2481,87024343.19103,2025967.15762,60675263.87728
12/2022,13814572.6157,2165.28567,1123299.72481,1636226.30877,951743.78495,3683469.64674,2081152.96252,4059926.87635,391935.55686,4778028.870650001,9012778.64602,17609435.73389,41296.99687,2425005.73772,1735477.67418,20575.19553,151905.294,933285.3411,15762552.026680002,57147.87038,9629161.69964,4642955.80857,432615948.53349,46891623.40208001,3407541.8681300003,962559.02726,59642640.38396999,356901.98538,998429.09268,2542294.00025,4696970.92845,378813.70248,271673.30048,87445586.90687999,1602613.85945,3624998.77776,4617769.37812,11554296.77246,31237452.05963,508637.08114,1061495.44874,10484732.85038,622408.1636099999,216997323.37347,73195618.47767001,4001397.77787,31795816.48662,455273.34627,2645391.2308,7977914.15467,23408801.98007,2816246.47426,138788659.30244002,1748543.38315,3121367.2024,963332.44856,23192197.58461,57013.14440999999,1263870.6925199998,158631670.35679,117708608.25468,86477564.27469,1642133.06991,63800064.041250005
01/2023,14579786.03424,4145.08801,1535467.4211000002,1806207.56508,1051190.86727,4580376.21504,2132674.03157,4402032.7959900005,430417.5348,5857144.61087,9099111.484759998,16306568.30343,74655.80583000001,2789922.02908,1850756.8925,35572.71733000001,153429.25782,1009845.04303,17038115.524150003,56165.031630000005,9996123.60529,6210026.511100001,464871500.50483,44768088.48149,4276289.65028,901416.18938,63492064.83314,617518.28281,1181585.0365799998,2439003.01264,4734289.25918,464132.64168,273525.92212,90165476.80015,1799512.26922,3535626.4036000003,5096678.664299999,10799372.37853,32820625.19606,629286.10887,975251.88081,9471758.38193,386791.71001,231297542.81984,77619525.34183002,4615016.02226,35824490.91743,485990.67147,3198107.9704400003,8210873.24646,24024955.735030003,3286598.9756,143520873.34755,2220320.21838,4387108.2948,1126101.0034599998,24872277.01589,56907.13232,1962264.83811,175616649.22774002,112755403.5041,92671303.26617,1925713.65325,69316352.52581
02/2023,15310955.00659,2784.8312800000003,1064269.55611,2673007.19981,1060668.8448299998,4170924.70989,2033410.50146,,361887.96067,5991873.60459,9422837.734039998,14812543.089800002,37101.17846,2915986.9288600003,1780948.12848,22431.51797,151540.09337,928949.68246,17452295.99891,58753.53304,9948159.06465,5423964.8111000005,454005375.92101,47409439.48368,4036930.34429,896872.9174700001,64730161.67549,621023.92781,1102785.61931,2481235.63594,5032216.99636,502848.51244,274843.72512,91704166.90539,3226297.9620700004,3776643.95742,5930505.31424,10855210.33932,33800237.19937,610878.07532,1051704.6289499998,9928732.50284,416472.66174,235204370.91564,77246622.00667,4546439.65561,,496927.60405,3056959.11694,8053050.48258,24865009.47877,3173630.87515,149754342.1561,2036734.34179,4551745.60153,1207990.35569,23966744.64539,56906.66928,2341359.20024,191388235.88353,111626194.40014,93097072.47172,1742947.4273300003,69644097.55996001
03/2023,16220123.67691,7360.21196,1236186.89883,2542220.93261,1070979.589,4413501.64148,2072686.53669,,384388.40415,6800905.29943,9564084.35947,14862168.64252,38940.46799999999,3147162.34751,1845754.92329,22886.83216,151403.46201,1473710.33466,16741992.3553,55959.65239,9731116.10961,5770114.185779999,462514845.18957,50306236.03317001,3988191.14547,855492.4495400001,69226292.40022,605151.7218500001,1061207.67307,2360695.23433,4960645.9162,442085.2845,263871.32026,92413170.86323,,3378171.35802,6745604.11932,11726178.51846,33507119.08702,549239.62361,1097699.7971400002,10049752.52869,389150.44332,245225290.7039,73342122.50723,4353152.9079,,519257.667,2916895.75996,8042428.49715,25143837.5368,3124202.9383300003,149992465.49686998,2072337.17221,4401604.10982,1239247.86641,24047497.45364,56880.74113,2067339.31485,193899088.63633,116525531.77376,94508379.49849,1767135.1603,72081543.46551001
04/2023,16091477.70507,5295.88087,992026.27868,2993786.74869,1256403.1435699998,3350103.13844,2100549.32316,,284158.75079,8090268.3892,958435.10706,17142647.63952,68263.18507,3435229.11358,1831344.54701,24713.84107,147529.21296,1927241.38851,16921773.052190002,53778.45163,10253155.77378,5275735.09293,464451555.63229,51286345.48675999,3587733.2616799995,836203.41594,75759088.97881,628439.6867,1124567.52836,2545467.37227,5031465.45756,460190.12379,261354.32086,93115382.13642,,3250723.2079600003,6486239.00417,14954937.27869,35207412.56874,702899.2456899999,1072933.52452,10747049.22465,377285.91663,239869458.1948,78903686.0984,5069720.96737,,501030.4522499999,2740633.50114,8648987.05972,25701619.31391,3495195.59306,144786380.9664,2126347.56446,4102114.90881,1211552.51509,25361106.04153,59413.85745,1816830.89906,196169547.16099,128097971.96912,97343388.72584,1840836.68257,73688875.69715999
05/2023,16064453.23424,5444.26921,959090.19354,3815711.71213,1183621.1833499998,3274341.14758,2117059.5019,,286112.98720000003,9089698.57719,987110.70722,16223026.01452,45679.07043,2743290.52934,1927842.81736,23731.15452,96663.57059,1988816.25052,18610591.2281,56326.87636999999,11538430.69996,5761998.07737,467764414.1435101,48378097.39641,3461817.2992,886800.5857099999,75860856.38804,608650.2109300001,964478.66831,2783290.10502,5400443.952179999,363617.3210300001,264791.75957999995,95227582.12211,,3245358.19097,7907769.61709,14991292.34755,36684837.73145001,691156.7010700001,1031086.21177,10928997.96628,456483.92849,247216026.60704,81499505.56583,5001115.91932,,532975.78845,2922184.47488,8682955.06876,26014947.42353,3576026.58181,147174549.60082,1991464.25153,4355733.426549999,1267237.52821,26161739.93282,65017.80625000001,1716666.8461,204985601.012,130782387.61097,107247233.73996,1781406.00372,74120967.89425
06/2023,16801160.18728,1972.05083,1069443.1550899998,4344286.65254,1201239.8202300002,3512879.05672,2164722.04036,,357640.76835,9048856.49565,949454.90772,16915189.427860003,47360.8652,2899488.44587,1965141.41757,21640.12053,89665.43398,1092082.79136,18908359.80417,51172.56092,13532760.70678,6144523.45821,469200137.26932,51985600.67218,3297205.81158,830730.99267,78734575.16141,702810.67504,1050035.5238500002,2863348.51093,5196539.86455,296289.59608000005,182580.86452,98406473.03624,,3265415.74085,7074729.9401,15457849.37934,37940237.05316,752061.85122,971104.24242,11691277.79792,404963.96358,250764348.28717,75168395.44111,5331919.45626,,505400.28724,2982797.36454,8735095.22684,27061121.52071,3682745.62817,144792245.02841,2171679.1314800004,4315045.21642,1286240.59813,27202632.07096,82075.6988,1542173.29882,214279194.37718,136855350.8552,109183186.21955,2207257.16454,74296473.20912999
07/2023,16803091.087599996,2235.73077,1145454.4745200002,4852431.09821,1232565.21647,3336582.22249,2185265.54075,,251264.21187,7794596.48332,808274.3381,16285647.19277,70027.48948,3472997.4227500004,2058846.39647,21900.91639,75274.43177,964236.68902,19138708.81806,53766.850340000005,13205344.14883,6811602.23065,481702465.27962005,51297810.22274,4083667.93042,867334.05885,82280888.92072,751574.8132,1205900.74506,2805141.56835,4408915.8060800005,326172.18152,175602.88562,104355305.24015,,3309395.99571,7396960.813989999,17099592.7874,39315330.241720006,753817.9556600001,892989.5390100001,12931840.8858,456280.6981,257097846.89892,75547803.57596,5475876.02209,,494167.09962,3004163.3141900003,9252834.90566,27251290.71225,3811203.70882,146291912.34444,2295495.58173,5559031.52899,1342757.14597,28752106.62271,97519.10679,2032597.52471,218812800.42575,133365716.10320002,114305636.36146,2540758.99996,77319654.71068999
08/2023,16992946.76753,2411.04242,1148324.53183,4630184.55318,1327956.20409,,2358917.90888,,248392.46424,7345132.87491,881971.3998,16908942.53754,43610.67346,3369072.36688,2160024.31377,24469.24394,79267.67996999998,1097489.5670800002,19478207.18079,58718.62644,12948077.88509,7772555.910279999,488394309.83516,51671634.90798,4312078.89707,929320.69727,82055774.54856001,924014.12675,1288314.37305,2828812.3905100003,4310121.37495,302660.72607000003,184415.8925,109735126.6208,,3506659.33064,8315687.67064,17454447.08219,40609696.80966,692186.50716,976734.26508,12513071.49326,465695.58072,266628936.63964,76085646.05527,5437643.01302,,500240.21363,3017377.7303,9157361.55678,28517554.09246,4064876.16173,152269127.0136,2442663.32593,5631119.580329999,1331983.79047,30201581.1572,114622.16928,1306477.56773,219564126.32018,136901986.02609,117293288.87222,2611453.9813399995,78493979.71174
09/2023,17580564.41377,1813.7486,941990.76584,4147044.97086,1363817.2631,,2325798.20217,,323277.22825,7784070.65871,951818.68068,16136717.33202,41506.49755,2974731.15116,2193359.1951200003,24968.32895,67158.31650999999,1169959.01847,19994100.56982,74046.22044,14901261.010620002,8074481.73092,489025585.04439,54661138.92829,4016301.81719,865026.3640000001,81352245.834,928923.93076,1195847.86216,1841690.44574,4361152.61224,274507.4107,180054.20363,110636692.01236,,3633708.85898,7243613.09566,17969598.85292,42190729.126,714742.86448,897736.42744,12451292.22228,392865.64896,266941934.36634,74735881.18619001,5871838.94021,,495596.12217,3074468.76711,8443029.397170002,28154956.45635,4232633.715799999,152182890.57261,2452450.38385,6274060.15316,1381241.94919,30617382.64552,115783.09518,912402.1674,208397412.70155,131874962.19202998,115730117.96882,2697309.86145,79193160.2441
10/2023,18325843.63399,1134.04357,1014190.03176,3971753.54866,1378685.40389,,2331206.49831,,333249.2479,8419823.49569,739186.33458,16632257.529709997,65460.42796,2923947.00392,2164325.90343,24827.24467,65361.91384999999,2548343.63244,18820749.36596,68665.01845999999,14814128.647969998,8975045.12346,501870296.80683,57466830.28848,3279040.65025,879344.69946,80390844.00036,880924.78526,1109837.3910299998,1853781.43404,4980305.5917,283043.10274,163900.36205999998,110875557.81891,,3781585.62501,7813551.12185,18632761.346940003,41371853.96201,705632.09121,892581.74634,13815631.18603,470886.53238,267426785.34224,74603554.13500999,5105462.15926,,488852.45704,3262761.3307000003,8362407.38669,29025644.660290003,4874534.42588,152412326.43881002,2535959.19294,6843208.99621,1404092.16482,28280060.04138,182766.94357000003,,200838098.61967003,129426873.28547,111461181.84548,2635780.5012400006,81160925.7907
11/2023,18890846.93433,1170.72774,952681.59438,3042408.93176,1892674.86857,,2343259.43627,,418059.41921,8829238.430239998,503191.88681,16997475.05082,41838.31936999999,3074921.62024,2044177.44514,25825.43572,60671.1265,2053535.22302,18976448.09387,63453.9146,17897701.24866,9220302.75182,502793018.93722,55203819.958550006,3389322.6700000004,917501.37978,85017328.00589001,759836.94612,1234177.82853,1634345.40476,5770977.897890001,334917.21803,172073.126,112529541.35471,,3822561.69403,8567574.49678,19074360.09015,41547378.02881,596287.2725999999,914509.66589,14490333.452490002,461214.01462,271689798.84675,77622677.90037,5460756.57971,,501090.59614,3274445.2395299994,8741082.744859999,29086823.1939,5052368.34894,149619951.43194002,2463445.68006,6811950.78072,1538032.79559,26457571.39672,131024.07714,,193874486.5142,134803134.57955,107500251.92865,2596538.33493,83029379.30612
12/2023,19957453.77788,1068.1086,1031004.86331,2715585.32621,1676374.06866,,2422719.63904,,549388.87237,9042235.61675,598110.9516,16725948.004820002,39925.76116,3082113.4207200003,1969491.02412,25500.92958,62918.00549,1618614.13596,20053799.11221,83871.64039999999,16965276.00682,9643778.29382,518230137.16243,59333816.42879,3335111.9798600003,935403.07102,82337014.93872999,728468.85418,1193801.8175100002,1615536.47468,5642923.025030001,367996.4339,155296.01674000002,115774741.28093,,3965819.61522,9036663.92501,19669063.79803,42470227.6864,599951.76338,948178.51225,14691230.07766,490813.9492100001,275998934.14806,77360459.67465,5466060.28012,,545230.47442,3367049.6291500004,9008825.67776,28967493.25786,5383267.254189999,150990249.15662,2545835.20102,7599775.666629999,1648298.34778,26856632.7453,139611.26234,,191322625.35087,142731594.90969,112485842.35408,2779503.63053,85243305.82519999
01/2024,20359332.64478,1079.79413,1183697.61947,3390185.04359,1995519.80462,,2604017.5011400003,,565296.94306,9377064.73618,871952.20237,18472941.90796,74905.72831,3213558.6954,2381680.76951,35749.20891,70877.7006,3038134.62343,24809852.44591,226228.73987,19472110.53704,12032033.00852,549686644.1132799,56125220.60227,4359807.202029999,959468.98784,90042076.51004,678912.98381,1667570.8498099998,1794999.52954,5690716.92044,745714.30555,196018.82092,126379135.65108,,4141428.16498,10172931.10834,20710731.30569,46441051.19245,577353.0992999999,787515.34157,16283980.64257,567168.2474100001,298969607.11719,81744544.29606001,6567183.297599999,,530722.20669,3751070.67049,9124257.21623,29784997.15275,6383773.117450001,158530647.88775998,3519136.36274,6817787.79814,1863795.1830400005,29317241.49411,187205.60808,,212986687.49501,154079931.70199,119186501.37085,3084994.64929,94133318.02046
02/2024,20134017.6473,804.9438,1142949.47134,3095354.894,2029420.8279,,2745653.4307700004,,535198.09518,9596934.0178,559400.07217,18032602.00709,57436.19492,3160038.53941,2189805.61346,48645.64861,68604.22176,2216381.46754,22235381.50185,125427.3488,19753878.18654,10134682.2207,523050418.3536601,56918148.26642,3964902.32167,867930.96397,91987218.81709,752779.41863,1654566.83156,1786127.99231,5709772.63705,464670.96119,131779.39093999998,121991978.47161,,4314332.53565,9317648.19621,20150353.89552,45261692.57314,548547.80406,955522.40061,15930099.19094,564984.3543199999,298048413.53241,80098585.35127,6468456.319619999,,509753.21836,3773963.73762,8949759.854629999,30538597.80098,5981339.467660001,160003750.21153,2845991.0245700004,6710140.649660001,1956491.23638,28412252.49718,253177.40786,,207655118.19053,153043307.65138003,119882863.37841,3065527.51731,90935306.82273
03/2024,21074129.887180004,442.00558,1162226.82556,3962246.43429,1929534.86126,,2690888.41866,,548136.23489,9111695.51308,819261.2234199999,18652379.99802,58663.48954,3080995.34994,2078448.48808,36340.54669,63380.00021,2540168.03162,22119006.21809,70478.81516,19243578.13592,9341723.6702,529403273.96868,56578558.75913,4044593.27183,870705.5767300001,95208553.99484,790986.18522,1421930.94711,1708014.83633,6005208.41063,503904.21766,152271.96731,125189067.18755,,4113522.83352,11861721.61107,22480683.61214,45331355.990030006,603686.33311,1034122.20958,15813291.10262,597516.34991,306764976.31131995,80728873.06660001,6271794.074240001,,519562.58449,3771785.73898,8806569.250209998,31091610.809180003,5917758.34174,163302729.96945998,2632689.0204800004,6963273.17597,1656287.82115,29931292.34267,292031.50581,,210528441.64354,147007626.65848,122239672.40046,3203825.32295,92990190.63338
